grid_id,lat,lon,proj_x_epsg3031,proj_y_epsg3031,region,litho,d15n_mean,d15n_sd,outside_envelope,mask_reason
GRID_16812,-63.252,-62.2,-2618496.1,1380576.4,NWAP,c,3.98,0.8724,1,temp
GRID_16813,-63.241,-62.192,-2619421.7,1381531.8,NWAP,g,4.607,1.3405,1,temp
GRID_16816,-62.972,-60.739,-2610540.9,1462631.6,NWAP,b,3.872,0.766,1,"temp, litho"
GRID_16817,-62.98,-60.73,-2609507.9,1462591.5,NWAP,b,3.219,1.0768,1,"temp, litho"
GRID_16818,-62.987,-60.72,-2608550.0,1462652.9,NWAP,b,2.548,0.9197,1,"temp, litho"
GRID_16819,-62.995,-60.711,-2607517.2,1462612.3,NWAP,b,3.356,1.2355,1,"temp, litho"
GRID_16820,-62.952,-60.741,-2612600.1,1463665.5,NWAP,b,3.702,0.7914,1,"temp, litho"
GRID_16821,-62.96,-60.732,-2611566.9,1463625.7,NWAP,b,0.486,0.7211,1,"temp, litho"
GRID_16822,-62.968,-60.722,-2610508.3,1463631.2,NWAP,b,2.363,0.8793,1,"temp, litho"
GRID_16823,-62.975,-60.713,-2609575.7,1463647.2,NWAP,b,4.443,0.6236,1,"temp, litho"
GRID_16824,-62.983,-60.703,-2608517.3,1463652.1,NWAP,b,4.228,0.8728,1,"temp, litho"
GRID_16825,-62.99,-60.694,-2607584.9,1463667.5,NWAP,b,-2.066,0.7364,1,"temp, litho"
GRID_16826,-63.006,-60.675,-2605494.1,1463630.4,NWAP,b,2.642,0.9334,1,"temp, litho"
GRID_16827,-63.013,-60.666,-2604562.0,1463645.0,NWAP,b,3.9,1.1513,1,"temp, litho"
GRID_16828,-62.941,-60.734,-2613525.8,1464603.6,NWAP,b,4.896,0.6104,1,"temp, litho"
GRID_16829,-62.948,-60.724,-2612567.3,1464665.8,NWAP,b,-1.68,0.7069,1,"temp, litho"
GRID_16830,-62.956,-60.715,-2611534.1,1464625.7,NWAP,c,4.532,0.7162,1,"temp, aspect"
GRID_16831,-62.979,-60.687,-2608509.9,1464605.8,NWAP,b,3.955,0.9973,1,"temp, litho"
GRID_16832,-62.986,-60.677,-2607551.9,1464666.5,NWAP,b,-0.927,0.709,1,"temp, litho"
GRID_16833,-62.994,-60.668,-2606519.2,1464625.1,NWAP,b,-2.184,0.7856,1,"temp, litho"
GRID_16834,-62.921,-60.736,-2615585.3,1465637.8,NWAP,b,5.259,0.5801,1,"temp, litho"
GRID_16835,-62.929,-60.726,-2614526.1,1465644.0,NWAP,b,4.606,0.5194,1,"temp, litho"
GRID_16836,-62.936,-60.717,-2613593.1,1465660.5,NWAP,b,-2.225,0.917,1,"temp, litho"
GRID_16837,-62.944,-60.708,-2612559.7,1465620.5,NWAP,b,1.148,0.9632,1,"temp, litho"
GRID_16838,-62.952,-60.698,-2611500.9,1465625.8,NWAP,b,4.299,0.9362,1,"temp, litho"
GRID_16839,-62.982,-60.661,-2607544.0,1465620.2,NWAP,b,5.596,0.6493,1,"temp, litho"
GRID_16840,-62.99,-60.651,-2606485.7,1465624.0,NWAP,b,5.494,0.2723,1,"temp, litho"
GRID_16841,-62.997,-60.642,-2605553.4,1465638.5,NWAP,b,-1.424,0.9966,1,"temp, litho"
GRID_16842,-62.917,-60.719,-2615551.9,1466639.0,NWAP,b,5.067,0.4545,1,"temp, litho"
GRID_16843,-62.924,-60.71,-2614618.7,1466655.6,NWAP,b,-2.766,0.4051,1,"temp, litho"
GRID_16844,-62.932,-60.7,-2613559.6,1466661.3,NWAP,b,6.116,0.6777,1,"temp, litho"
GRID_16845,-62.94,-60.691,-2612526.2,1466621.0,NWAP,b,5.085,0.9994,1,"temp, litho"
GRID_16846,-62.993,-60.625,-2605519.5,1466637.3,NWAP,b,5.134,1.0658,1,"temp, litho"
GRID_16847,-63.016,-60.597,-2602496.7,1466611.1,NWAP,b,3.751,0.714,1,"temp, litho"
GRID_16848,-62.913,-60.702,-2615518.2,1467640.3,NWAP,c,3.707,0.9319,1,temp
GRID_16849,-62.92,-60.693,-2614585.0,1467656.7,NWAP,b,0.531,1.2161,1,"temp, litho"
GRID_16850,-63.011,-60.58,-2602562.6,1467665.8,NWAP,c,2.321,1.4588,1,temp
GRID_16851,-62.908,-60.686,-2615610.2,1468652.5,NWAP,c,1.135,0.7434,1,temp
GRID_16852,-62.916,-60.676,-2614550.8,1468657.9,NWAP,b,0.122,1.0651,1,"temp, litho"
GRID_16853,-62.999,-60.573,-2603586.0,1468662.2,NWAP,b,4.42,0.7905,1,"temp, litho"
GRID_16854,-63.007,-60.563,-2602527.9,1468664.1,NWAP,b,5.948,0.7398,1,"temp, litho"
GRID_16855,-62.904,-60.669,-2615575.7,1469654.0,NWAP,c,-0.39,0.552,1,temp
GRID_16856,-62.912,-60.66,-2614542.0,1469613.6,NWAP,b,-0.24,0.9331,1,"temp, litho"
GRID_16857,-62.919,-60.65,-2613583.1,1469674.9,NWAP,b,5.685,0.6661,1,"temp, litho"
GRID_16858,-62.972,-60.584,-2606574.5,1469688.4,NWAP,c,5.061,0.9244,1,temp
GRID_16859,-62.9,-60.652,-2615541.0,1470655.7,NWAP,b,2.174,0.6702,1,"temp, litho"
GRID_16860,-62.915,-60.634,-2613573.9,1470630.5,NWAP,b,-0.022,1.0221,1,"temp, litho"
GRID_16861,-62.923,-60.624,-2612514.7,1470634.9,NWAP,b,5.356,0.8835,1,"temp, litho"
GRID_16862,-62.945,-60.596,-2609589.5,1470668.2,NWAP,b,5.374,0.8546,1,"temp, litho"
GRID_16863,-62.961,-60.577,-2607497.7,1470628.8,NWAP,b,-1.313,1.0663,1,"temp, litho"
GRID_16864,-62.968,-60.568,-2606564.9,1470642.5,NWAP,b,-0.992,0.8248,1,"temp, litho"
GRID_16865,-62.976,-60.558,-2605506.4,1470644.8,NWAP,c,4.165,1.2016,1,temp
GRID_16866,-62.983,-60.549,-2604573.9,1470658.0,NWAP,c,5.24,0.8927,1,temp
GRID_16867,-62.895,-60.636,-2615631.8,1471668.3,NWAP,b,4.15,0.7954,1,"temp, litho"
GRID_16868,-62.903,-60.626,-2614572.4,1471673.1,NWAP,b,-1.493,0.8562,1,"temp, litho"
GRID_16869,-62.911,-60.617,-2613538.7,1471631.9,NWAP,b,-1.861,0.4507,1,"temp, litho"
GRID_16870,-62.918,-60.607,-2612579.7,1471692.5,NWAP,b,-2.653,0.738,1,"temp, litho"
GRID_16871,-62.926,-60.598,-2611546.2,1471650.8,NWAP,c,-0.263,0.6449,1,temp
GRID_16872,-62.933,-60.589,-2610613.1,1471665.3,NWAP,b,3.545,1.1122,1,"temp, litho"
GRID_16873,-62.941,-60.579,-2609554.1,1471668.5,NWAP,b,-1.336,0.9583,1,"temp, litho"
GRID_16874,-62.979,-60.532,-2604538.2,1471657.1,NWAP,b,-0.888,0.9438,1,"temp, litho"
GRID_16875,-62.899,-60.61,-2614562.5,1472629.1,NWAP,b,4.389,0.7935,1,"temp, litho"
GRID_16876,-62.902,-60.584,-2613593.1,1473645.8,NWAP,b,3.372,0.455,1,"temp, litho"
GRID_16877,-62.963,-60.508,-2605524.4,1473654.5,NWAP,b,4.072,1.055,1,"temp, litho"
GRID_16878,-62.898,-60.567,-2613556.8,1474647.5,NWAP,b,4.177,0.8265,1,"temp, litho"
GRID_16879,-62.905,-60.558,-2612623.4,1474661.9,NWAP,b,-0.725,1.0214,1,"temp, litho"
GRID_16880,-62.901,-60.541,-2612586.7,1475663.5,NWAP,b,3.875,0.6436,1,"temp, litho"
GRID_16881,-62.711,-60.426,-2628651.3,1491704.4,NWAP,p,2.04,0.7038,1,temp
GRID_16882,-62.719,-60.416,-2627589.3,1491708.1,NWAP,p,4.031,0.6012,1,temp
GRID_16883,-62.707,-60.409,-2628609.4,1492711.8,NWAP,p,0.61,0.6317,1,temp
GRID_16884,-62.687,-60.412,-2630691.5,1493712.1,NWAP,p,1.031,0.7989,1,temp
GRID_16885,-62.703,-60.393,-2628593.1,1493673.5,NWAP,p,2.655,0.99,1,temp
GRID_16887,-62.676,-60.404,-2631585.1,1494705.4,NWAP,p,1.789,0.6812,0,in range
GRID_16888,-62.683,-60.395,-2630649.0,1494720.3,NWAP,p,-3.521,0.8507,1,temp
GRID_16889,-62.691,-60.386,-2629612.7,1494677.9,NWAP,p,-2.578,0.5988,1,temp
GRID_16893,-62.671,-60.388,-2631668.6,1495725.0,NWAP,p,-2.183,0.6782,0,in range
GRID_16894,-62.694,-60.36,-2628633.7,1495700.1,NWAP,p,0.832,1.3159,1,temp
GRID_16897,-62.69,-60.343,-2628590.4,1496708.0,NWAP,p,2.744,1.2183,1,"temp, slope"
