target,cv_r2_mean,cv_r2_median,cv_r2_std,cv_r2_min,cv_r2_max,cv_rmse_orig_units_mean,cv_rmse_orig_units_median,cv_rmse_orig_units_std,cv_rmse_orig_units_min,cv_rmse_orig_units_max,cv_rmse_log_space_mean,cv_rmse_log_space_median,cv_rmse_log_space_std,cv_rmse_log_space_min,cv_rmse_log_space_max,tier
c_n_ratio,0.3051344676402972,0.3158894863403897,0.01802676739190461,0.2802267527092602,0.3198723724584565,12.099630876339202,12.0064308388524,0.1564844089982183,11.971429145859666,12.315403382317884,12.099630876339202,12.0064308388524,0.1564844089982183,11.971429145859666,12.315403382317884,moderate
clr_hr_1_mg_l_cl,0.03539991926327738,0.0343556279174174,0.014220142999291174,0.0177431588348594,0.0569463701809552,1.33609915008215,1.3368513341009085,0.009862988899996112,1.3211213238548054,1.348301563281434,1.33609915008215,1.3368513341009085,0.009862988899996112,1.3211213238548054,1.348301563281434,weak
clr_hr_1_mg_l_f,-0.025955479577684605,-0.0198666782889493,0.01266573802410185,-0.0460864432116057,-0.0160530274705938,1.4221513213253714,1.4179464845411711,0.008757661353385479,1.4152928938515117,1.436057818886605,1.4221513213253714,1.4179464845411711,0.008757661353385479,1.4152928938515117,1.436057818886605,unusable
clr_hr_1_mg_l_no3,0.1647102096287539,0.1669536828976138,0.007509289780624021,0.1549736679319423,0.1732926322859453,1.5536974438466222,1.551622060951108,0.006980680108428433,1.545707362213249,1.5627391509525703,1.5536974438466222,1.551622060951108,0.006980680108428433,1.545707362213249,1.5627391509525703,weak
clr_hr_1_mg_l_po4,0.2783015152303022,0.2768807571239057,0.012008075306442724,0.2643800797845334,0.2934498849159372,1.4996866345175008,1.5012036788656176,0.012483425065089758,1.483905164848656,1.514123853202459,1.4996866345175008,1.5012036788656176,0.012483425065089758,1.483905164848656,1.514123853202459,weak
clr_hr_1_mg_l_so4,0.05632326669745752,0.0496098021128896,0.020829859828125873,0.042104364783252,0.0929262719984974,1.2584883472261565,1.263019348516406,0.013986135815617676,1.2339010212556,1.2679967097536309,1.2584883472261565,1.263019348516406,0.013986135815617676,1.2339010212556,1.2679967097536309,weak
clr_hr_24_mg_l_cl,0.10433778518867758,0.1034945949411596,0.008776222619483996,0.094742423432161,0.1169191382164125,1.0833105371064602,1.0838307638821707,0.00531207872106451,1.075685350949568,1.089108385994476,1.0833105371064602,1.0838307638821707,0.00531207872106451,1.075685350949568,1.089108385994476,weak
clr_hr_24_mg_l_f,0.013635186275151178,0.0135351620599735,0.004020158875775091,0.0073014077759439,0.0175013658520036,1.174971358350999,1.1750328813181108,0.002392871999092071,1.1726683197140555,1.178739719318472,1.174971358350999,1.1750328813181108,0.002392871999092071,1.1726683197140555,1.178739719318472,weak
clr_hr_24_mg_l_no3,0.00703152520038954,0.0051658869756238,0.010363897671327343,-0.0024782391186028,0.0235733540652782,1.0933466023634957,1.0943852052162593,0.005716864784084686,1.0842131991822883,1.098581688762184,1.0933466023634957,1.0943852052162593,0.005716864784084686,1.0842131991822883,1.098581688762184,weak
clr_hr_24_mg_l_po4,0.2534520420722307,0.260063509387778,0.01598631744648905,0.2311909336028019,0.2674941072344139,1.205367131345824,1.2000726405652653,0.012876401331785808,1.1940317453976397,1.2232622121614718,1.205367131345824,1.2000726405652653,0.012876401331785808,1.1940317453976397,1.2232622121614718,weak
clr_hr_24_mg_l_so4,0.1270640496194407,0.1341037186150908,0.018284707370978058,0.1069591731302362,0.1475627200514586,1.2116022002470785,1.2067597732949835,0.012679363803074828,1.1973444481272382,1.2255288642147266,1.2116022002470785,1.2067597732949835,0.012679363803074828,1.1973444481272382,1.2255288642147266,weak
clr_total_mg_l_ca2,0.24491221987115758,0.2469985556739143,0.017380664819463293,0.2252490218672043,0.2701354828259933,1.0511078020333584,1.0497105053956073,0.012121182635080444,1.03345784018226,1.0647623978403171,1.0511078020333584,1.0497105053956073,0.012121182635080444,1.03345784018226,1.0647623978403171,weak
clr_total_mg_l_cl,0.09239093888372546,0.0924112216182962,0.004710500894721685,0.0875253210059915,0.0998060152113887,1.3850670970244874,1.3850553575319702,0.003597214501378008,1.379401284433356,1.388778497209012,1.3850670970244874,1.3850553575319702,0.003597214501378008,1.379401284433356,1.388778497209012,weak
clr_total_mg_l_f,-0.0025293536743945396,-0.0007371588868225,0.007051176837571586,-0.0145775879999094,0.0032020820565038,1.3900582498167127,1.3888220541546947,0.004879423535423147,1.3860859215414831,1.398392942899345,1.3900582498167127,1.3888220541546947,0.004879423535423147,1.3860859215414831,1.398392942899345,unusable
clr_total_mg_l_k,0.230629045476217,0.2237544580398314,0.02129017159166718,0.2065057646985444,0.2568973712620102,1.1467461287222949,1.151946478454451,0.015890101213760388,1.1270862218552442,1.16467466900601,1.1467461287222949,1.151946478454451,0.015890101213760388,1.1270862218552442,1.16467466900601,weak
clr_total_mg_l_mg2,-0.15910989881530888,-0.1653629283795286,0.015257361765064637,-0.1741407714928939,-0.1347862505172627,0.8807260964829127,0.8831138965743421,0.005810850770796548,0.871451360192851,0.8864335888826589,0.8807260964829127,0.8831138965743421,0.005810850770796548,0.871451360192851,0.8864335888826589,unusable
clr_total_mg_l_na,0.13390766960001488,0.1306836026941109,0.014176743655685208,0.1223523620457021,0.1580402088642034,0.8084287284346056,0.8099539257769204,0.006645169475913434,0.7971077925914548,0.8138258363039214,0.8084287284346056,0.8099539257769204,0.006645169475913434,0.7971077925914548,0.8138258363039214,weak
clr_total_mg_l_no3,0.1624777044520021,0.1675466860857231,0.009084769693466777,0.1519748313295683,0.170689998136961,1.4780233135425085,1.4735610726408392,0.008009226525276913,1.4707763861551673,1.4872794178351152,1.4780233135425085,1.4735610726408392,0.008009226525276913,1.4707763861551673,1.4872794178351152,weak
clr_total_mg_l_po4,0.3673286718286548,0.3641222935734424,0.02134461141493901,0.3376606390659137,0.3927630941017077,1.4575642928485475,1.4614190357547052,0.02455989931475135,1.4281276899589128,1.4915171203327997,1.4575642928485475,1.4614190357547052,0.02455989931475135,1.4281276899589128,1.4915171203327997,moderate
clr_total_mg_l_so4,0.0593483556559517,0.0590843963631693,0.006209945766471554,0.0514137657996509,0.0684196339659051,0.993064935568172,0.9932085917024336,0.003279363778677992,0.9882692802224612,0.9972488435399391,0.993064935568172,0.9932085917024336,0.003279363778677992,0.9882692802224612,0.9972488435399391,weak
clr_total_mg_l_sr2,0.15410781924943687,0.1560380594818058,0.00858918393295494,0.1402246349710683,0.1618573555090371,1.3084615209140091,1.3069812023584269,0.006630010080800525,1.3024674522147677,1.3191689149057575,1.3084615209140091,1.3069812023584269,0.006630010080800525,1.3024674522147677,1.3191689149057575,weak
d13c_vpdb_permil,0.3560934969876276,0.3530494101573823,0.006345428520021342,0.3506595569254069,0.366083961848199,8.615867657230803,8.636293707978197,0.042531947035665305,8.548850392736083,8.652230356914078,8.615867657230803,8.636293707978197,0.042531947035665305,8.548850392736083,8.652230356914078,moderate
d15n_air_permil,0.664640637794581,0.6663076612319861,0.015417006855757748,0.6422639155942813,0.6816008925479542,6.170726728790327,6.156662037885049,0.14132476520313128,6.013926515303826,6.37460928319213,6.170726728790327,6.156662037885049,0.14132476520313128,6.013926515303826,6.37460928319213,strong
digest_mg_kg_al3082,0.16383072166817797,0.164445941996932,0.008280063690682129,0.1530068400840389,0.1729783538833109,5909.675676301058,5907.559104440314,29.248352153329627,5877.318648961152,5947.860177445225,5909.675676301058,5907.559104440314,29.248352153329627,5877.318648961152,5947.860177445225,weak
digest_mg_kg_as1890,-0.09391522095135588,-0.0888241623036698,0.011537561787242603,-0.1073852147734324,-0.0819283558290737,2.610636949239163,2.604583875521911,0.013758449208235995,2.596323021823118,2.626690074772674,2.610636949239163,2.604583875521911,0.013758449208235995,2.596323021823118,2.626690074772674,unusable
digest_mg_kg_b_2496,-0.06387792228948005,-0.0618790109887037,0.006331484770502284,-0.0734282625073581,-0.0578906844850857,20.895720623233927,20.87615481164332,0.062126309618407684,20.83691340652492,20.989374832499227,20.895720623233927,20.87615481164332,0.062126309618407684,20.83691340652492,20.989374832499227,unusable
digest_mg_kg_ba4554,0.0793981078927533,0.0919507618571618,0.026491723370831083,0.0363075512690681,0.1027129665221331,29.110483560372575,28.91370411310853,0.4164232609518809,28.741850701753236,29.78641672416192,29.110483560372575,28.91370411310853,0.4164232609518809,28.741850701753236,29.78641672416192,weak
digest_mg_kg_be3130,0.09867251269235981,0.0966490855984959,0.014922815571481096,0.0810775836547508,0.12220345567255,0.8109018502756674,0.811833914597181,0.0067291595811881065,0.8002687886842663,0.818801008384236,0.8109018502756674,0.811833914597181,0.0067291595811881065,0.8002687886842663,0.818801008384236,weak
digest_mg_kg_co2286,0.2618557329815713,0.262044526057415,0.007310792356136831,0.2521879315023676,0.2721346566253342,4.8018507448451775,4.801283752983735,0.023786486902914246,4.768346588238907,4.833241867196591,4.8018507448451775,4.801283752983735,0.023786486902914246,4.768346588238907,4.833241867196591,weak
digest_mg_kg_cr2835,0.33013265520437074,0.3327607282431895,0.004600411255680447,0.324753648753933,0.3346912721134363,10.960361200385467,10.938891362684515,0.03761712606203847,10.923054984306583,11.004330680152506,10.960361200385467,10.938891362684515,0.03761712606203847,10.923054984306583,11.004330680152506,moderate
digest_mg_kg_cu3247,-0.030279951073340437,-0.0255170857263156,0.01739112810786598,-0.0582487257273354,-0.0137305003421315,13.44546667483885,13.41473208401219,0.11312518973973748,13.337419462912868,13.627130983985602,13.44546667483885,13.41473208401219,0.11312518973973748,13.337419462912868,13.627130983985602,unusable
digest_mg_kg_fe2599,0.20168537072678694,0.2006767702985809,0.008339077545616101,0.1936231285517172,0.210801977845574,6600.993272597843,6605.233956380728,34.48606283119713,6563.265633463615,6634.313944059757,6600.993272597843,6605.233956380728,34.48606283119713,6563.265633463615,6634.313944059757,weak
digest_mg_kg_k_7664,0.3738904176633358,0.3764379855576487,0.010251835322975836,0.357507746150164,0.3840750111910982,2303.222420126961,2298.5931409613595,18.80224175736473,2284.4738592489525,2333.222891754576,2303.222420126961,2298.5931409613595,18.80224175736473,2284.4738592489525,2333.222891754576,moderate
digest_mg_kg_mg2852,0.4364366168857264,0.4396992714032089,0.012694296030159678,0.4202110554168335,0.4486572291523248,5125.875407837075,5111.274785223553,57.65148388349745,5070.251219438841,5199.4044422925635,5125.875407837075,5111.274785223553,57.65148388349745,5070.251219438841,5199.4044422925635,moderate
digest_mg_kg_mn2576,0.10528976218027408,0.103138069659073,0.00647615984955583,0.0980116594988215,0.1153649842816216,223.20513952277616,223.47454514666737,0.8086582634714318,221.9460038903612,224.11231876871645,223.20513952277616,223.47454514666737,0.8086582634714318,221.9460038903612,224.11231876871645,weak
digest_mg_kg_na5895,0.3998292727571211,0.3920471424239158,0.020238994023283233,0.3859016624746439,0.429321143706009,2434.439712936487,2450.418883788767,41.353551874200456,2374.130019640115,2462.791064528299,2434.439712936487,2450.418883788767,41.353551874200456,2374.130019640115,2462.791064528299,moderate
digest_mg_kg_ni2316,0.4414819177118236,0.4403486503605697,0.025797356204841814,0.411042472780833,0.4788579137571078,19.722009827848346,19.746255627039396,0.45741270395700384,19.054784908989102,20.25666591652205,19.722009827848346,19.746255627039396,0.45741270395700384,19.054784908989102,20.25666591652205,moderate
digest_mg_kg_si2516,0.0870323696778728,0.0916546120164127,0.0232936056738415,0.0550665301284015,0.1180490786971542,200.844792174751,200.34875556989215,2.5615901710111357,197.4164557254922,204.34393751494085,200.844792174751,200.34875556989215,2.5615901710111357,197.4164557254922,204.34393751494085,weak
digest_mg_kg_ti3349,0.40366073331780983,0.4045052019583798,0.0070358548265710185,0.3927719731267745,0.4113470394680608,497.0981223286746,496.75292321508965,2.927824013115199,493.8909994105866,501.622894254488,497.0981223286746,496.75292321508965,2.927824013115199,493.8909994105866,501.622894254488,moderate
digest_mg_kg_v_2924,0.1290345867807996,0.1226268875260316,0.010255171844356837,0.120791189494141,0.1440758795493955,18.8629989499551,18.932522810035945,0.11124710976824594,18.69967079005464,18.95231839899306,18.8629989499551,18.932522810035945,0.11124710976824594,18.69967079005464,18.95231839899306,weak
digest_mg_kg_zn2138,0.0670757952526197,0.0701950889186167,0.013587173141439545,0.0476649267281176,0.0830442740015423,31.98186368422166,31.929027947954808,0.2326410721861849,31.707643203943775,32.313549705157996,31.98186368422166,31.929027947954808,0.2326410721861849,31.707643203943775,32.313549705157996,weak
ec_us_cm,-0.22547636725725528,-0.2185256502259602,0.01875928903562283,-0.2499786921891742,-0.2045062793057968,5431.686736128503,5416.3876612155345,41.5352476860367,5385.139232842487,5485.84720478101,5431.686736128503,5416.3876612155345,41.5352476860367,5385.139232842487,5485.84720478101,unusable
hr_24_mg_l_so4,-0.0341149500282269,-0.0341149500282269,0.0006860515539098184,-0.0346000617342401,-0.0336298383222137,1930.383563259673,1930.383563259673,0.6403266464912759,1929.9307839457647,1930.8363425735815,1930.383563259673,1930.383563259673,0.6403266464912759,1929.9307839457647,1930.8363425735815,unusable
log_cec_meq_100g,0.17906683303134538,0.1738558704961169,0.017592001102033676,0.1587188174445134,0.2055658260515368,3.0247879549153276,3.042593338559175,0.0340167039238828,2.969243692512398,3.0507377191420257,0.5189644692860276,0.5206329862799987,0.0055749503556033085,0.5105434737673619,0.5253809936493345,weak
log_digest_mg_kg_ca3158,0.2558612406718372,0.2490658788523254,0.012231000883950972,0.2456171482746709,0.2740211622262534,8870.612262322324,8868.210007117483,46.32651572600263,8814.661228339975,8943.049605789607,0.9600750359766517,0.9644748912580994,0.007910241252478797,0.948313618318021,0.9666870718725726,weak
log_digest_mg_kg_hg1849,-0.11485518041544789,-0.1205215378724422,0.015112190621475773,-0.131469566558628,-0.0970426386603844,69.75297318382097,69.7461867342413,0.07807270443377809,69.65495411845042,69.85947396207868,1.2813417579171937,1.2846175393794876,0.008690774598485987,1.2710876432075315,1.290877947116864,unusable
log_digest_mg_kg_li6707,0.05861112985454858,0.0532733920282351,0.019008404289134227,0.0412165419261351,0.0824978568025147,9.452980646772028,9.48001321738771,0.10933442004159258,9.283831300056145,9.577496402555957,0.8863069026957706,0.8888524021119744,0.008960945992710549,0.8750258890415322,0.8944943980908507,weak
log_digest_mg_kg_mo2020,0.22570116296212417,0.2199551243410861,0.021787625783666314,0.2061932666758308,0.2631551297771155,0.42350655741959675,0.4230530247263958,0.009514355388539968,0.4108466643506231,0.4376128701849476,0.2482488520798428,0.2491883109578714,0.003520156554500023,0.2421898311795388,0.251376839403773,weak
log_digest_mg_kg_p_1774,0.3814804713539106,0.3844332588455406,0.012713252318077272,0.3674833083117246,0.3941978995486489,1725.1949810175297,1732.362246492425,33.89735778906868,1686.823721650127,1771.2961049656817,0.7982486038225248,0.7963745132997904,0.008197550715788697,0.7900328803633501,0.8072643513337179,moderate
log_digest_mg_kg_pb2203,0.1960491361075481,0.1954238848876651,0.014742063137136448,0.1759147942422849,0.2168821687495755,14.770671587082983,14.76655851162444,0.035413683370383725,14.723146475839297,14.822638816327146,0.7051282408530553,0.7054261240759646,0.006467800120369972,0.6959555897663627,0.713927366452202,weak
log_digest_mg_kg_sb2068,0.02765753695786724,0.0265016534067906,0.005811173556599147,0.020981542435334,0.0353030636564187,0.6416828732684008,0.6423727369771,0.001299034053214152,0.6402035462957198,0.6429731629407883,0.17942523246926662,0.179532489370687,0.0005363294725631239,0.1787190689634399,0.1800407790576551,weak
log_digest_mg_kg_sn1899,-0.08278918903234897,-0.0810193029136079,0.0094579391375556,-0.0945904432592525,-0.0716636835483852,0.25640600533560015,0.2561844197660749,0.0005842685583654901,0.2557627921944895,0.2571429993913734,0.07367877184635702,0.0736190923644766,0.00032170563389849114,0.0732998340129459,0.0740797589298715,unusable
log_digest_mg_kg_sr4077,0.3736660919824432,0.3751951429203527,0.02060443092370542,0.3469387784285367,0.39381050764797,57.56702684568313,57.1066264351664,0.6925387223504513,57.00776821674961,58.3332192533186,0.9664878785478725,0.9654116220392752,0.0158769272260497,0.9509211924193974,0.987000272155904,moderate
log_digest_mg_kg_tl1908,-0.028474204075130082,-0.0282154619372609,0.003968194305689442,-0.0341125712410339,-0.0238372903116874,0.3473037085413877,0.3471754986892044,0.0005194706289273881,0.3466983006513957,0.3480924774874395,0.0831350763247215,0.0831247418427978,0.00016033936682314487,0.0829475792550737,0.0833627731027262,unusable
log_hr_1_mg_l_cl,0.140278827935572,0.1366719568449752,0.017648770392946024,0.1220935269907516,0.1697833162577724,705.3827196740544,706.3268751899366,4.2451973242595695,699.8825001297245,710.000974046438,2.172007165217851,2.1766512019515547,0.022399214404503143,2.1345023888279457,2.1949520764320547,weak
log_hr_1_mg_l_so4,0.1440665692309555,0.1409326434234231,0.006621953785376821,0.1385089812787955,0.1536303376604908,3101.6742276241193,3101.238952659497,3.003730167141671,3098.0858524246514,3106.0039655346177,1.980274407150922,1.9839082951565972,0.007668211609419959,1.9691918465324032,1.986704895898021,weak
log_hr_24_mg_l_cl,0.17470864268185926,0.1670023123382773,0.021442924513527903,0.1518744963211811,0.2078207335656777,72.03130526615303,72.13645481917858,0.46310432565129506,71.32755592730189,72.53044592349174,1.6354551434509097,1.6431849251771962,0.021332970453586,1.602419715967084,1.658038480106801,weak
log_hr_24_mg_l_so4,-0.031586920802400296,-0.0310217261247209,0.016098903233035058,-0.0479609786572674,-0.0157780576252126,1978.264548199859,1977.730789019301,1.1501667720124198,1977.478237657105,1979.5846179231717,1.6328713549068024,1.632457098297749,0.012739325296956578,1.62034421045557,1.6458127559670883,unusable
log_total_mg_l_ca2,0.10144412944514378,0.1094777491278661,0.012705319415672121,0.0819011809551283,0.110679606243735,1763.3120464029482,1763.6959526074556,12.304943717184006,1749.1021507999665,1777.5634142066112,2.0237908686480943,2.014763699134553,0.014273170710178916,2.0134036681843983,2.0457211918252187,weak
log_total_mg_l_cl,0.14384834130755336,0.1439833333505356,0.01995085089424093,0.1197406819618179,0.169228259281031,753.0594417959113,754.1472873688258,5.88466104723232,747.4456612601908,761.6554229268967,1.8755590475174824,1.8755131054436929,0.02186258709944249,1.8476506137000637,1.9018852420240897,weak
log_total_mg_l_mg2,0.09418703327899633,0.092473921527808,0.010520660773188278,0.0841262881637656,0.1078305304153146,507.8615178287707,507.8226095022499,0.24116309867530583,507.54844094406894,508.13675625772066,1.9233675922915872,1.925211517757027,0.011177568181967029,1.9088533878936629,1.9340455188827057,weak
log_total_mg_l_na,0.29021261277155214,0.2887173907961633,0.030213261435299787,0.2538749064671283,0.3341556498303211,1742.5032601668725,1744.114360860016,4.847804249264037,1734.0601212573963,1746.5049660685515,1.5657595745161008,1.5676940577606864,0.033452137792431245,1.5167939107733817,1.6056320930954544,weak
log_total_mg_l_so4,0.13980209767500956,0.1417878494401279,0.014780992892473203,0.116124176400627,0.1533528708616416,4487.473563183531,4487.867966611127,8.728627510851183,4473.320616043529,4496.785476071555,1.8573315788362255,1.8552409728884245,0.015908655711944282,1.8426982256471616,1.8827758761018467,weak
ph_cacl2,0.09818815490781634,0.1034385881376875,0.019788959219906605,0.0654608124763203,0.1149637205945051,0.9976780198196231,0.9948169380178116,0.010894347381820746,0.988402161534438,1.015668324123714,0.9976780198196231,0.9948169380178116,0.010894347381820746,0.988402161534438,1.015668324123714,weak
ph_kcl,0.24980446443744708,0.2460547361697193,0.008743024243262454,0.2408086107253014,0.2631119664620149,1.0439197441532841,1.0465396856740716,0.006093620390689817,1.0346335213274216,1.0501744063652527,1.0439197441532841,1.0465396856740716,0.006093620390689817,1.0346335213274216,1.0501744063652527,weak
ph_mq,0.2989576280183171,0.2971958857072345,0.010247819381903228,0.2900140288092524,0.3160438809384465,1.0103662818619246,1.0116567932359166,0.007410225829963662,0.9979991564409104,1.0168126445868269,1.0103662818619246,1.0116567932359166,0.007410225829963662,0.9979991564409104,1.0168126445868269,weak
wt_percent_c,0.27476209053902256,0.2735763639809803,0.005689696713101524,0.2689816569306253,0.2820614886767,0.4488253822469944,0.4491949029123585,0.0017614214263909252,0.4465637451316258,0.4506132664808095,0.4488253822469944,0.4491949029123585,0.0017614214263909252,0.4465637451316258,0.4506132664808095,weak
wt_percent_n,0.3894563781401568,0.3898569694791852,0.012040275799595821,0.3779664697151049,0.4079394375774356,0.07283361428749524,0.0728125640630383,0.0007201936767473476,0.0717254966453856,0.0735186282636533,0.07283361428749524,0.0728125640630383,0.0007201936767473476,0.0717254966453856,0.0735186282636533,moderate
