target,cv_r2_mean,cv_r2_std,cv_of_r2,model,flag_reason
ec_us_cm,-0.22547636725725528,0.01875928903562283,0.08319847114717607,rf,low mean R2 (-0.225)
clr_total_mg_l_mg2,-0.15910989881530888,0.015257361765064637,0.0958919707615114,rf,low mean R2 (-0.159)
log_digest_mg_kg_hg1849,-0.11485518041544789,0.015112190621475773,0.1315760470430048,rf,low mean R2 (-0.115)
digest_mg_kg_as1890,-0.09391522095135588,0.011537561787242603,0.1228508187529961,rf,low mean R2 (-0.094)
log_digest_mg_kg_sn1899,-0.08278918903234897,0.0094579391375556,0.11424123424931744,rf,low mean R2 (-0.083)
digest_mg_kg_b_2496,-0.06387792228948005,0.006331484770502284,0.09911851455984198,rf,low mean R2 (-0.064)
hr_24_mg_l_so4,-0.0341149500282269,0.0006860515539098184,0.0201099973279215,rf,low mean R2 (-0.034)
log_hr_24_mg_l_so4,-0.031586920802400296,0.016098903233035058,0.509669914764585,rf,low mean R2 (-0.032); high R2 variability (CV=0.51)
digest_mg_kg_cu3247,-0.030279951073340437,0.01739112810786598,0.5743446568240249,rf,low mean R2 (-0.030); high R2 variability (CV=0.57)
log_digest_mg_kg_tl1908,-0.028474204075130082,0.003968194305689442,0.1393610263949516,rf,low mean R2 (-0.028)
clr_hr_1_mg_l_f,-0.025955479577684605,0.01266573802410185,0.48797934887673206,rf,low mean R2 (-0.026); high R2 variability (CV=0.49)
clr_total_mg_l_f,-0.0025293536743945396,0.007051176837571586,2.7877385867199656,rf,low mean R2 (-0.003); high R2 variability (CV=2.79)
clr_hr_24_mg_l_no3,0.00703152520038954,0.010363897671327343,1.4739188690887708,rf,low mean R2 (0.007); high R2 variability (CV=1.47)
clr_hr_24_mg_l_f,0.013635186275151178,0.004020158875775091,0.29483710707358984,rf,low mean R2 (0.014); high R2 variability (CV=0.29)
log_digest_mg_kg_sb2068,0.02765753695786724,0.005811173556599147,0.2101117523751929,rf,low mean R2 (0.028)
clr_hr_1_mg_l_cl,0.03539991926327738,0.014220142999291174,0.4016998709384811,rf,low mean R2 (0.035); high R2 variability (CV=0.40)
clr_hr_1_mg_l_so4,0.05632326669745752,0.020829859828125873,0.369826912561983,rf,low mean R2 (0.056); high R2 variability (CV=0.37)
log_digest_mg_kg_li6707,0.05861112985454858,0.019008404289134227,0.3243139031154346,rf,low mean R2 (0.059); high R2 variability (CV=0.32)
clr_total_mg_l_so4,0.0593483556559517,0.006209945766471554,0.10463551513493019,rf,low mean R2 (0.059)
digest_mg_kg_zn2138,0.0670757952526197,0.013587173141439545,0.20256447337326033,rf,low mean R2 (0.067)
digest_mg_kg_ba4554,0.0793981078927533,0.026491723370831083,0.33365686001755457,rf,low mean R2 (0.079); high R2 variability (CV=0.33)
digest_mg_kg_si2516,0.0870323696778728,0.0232936056738415,0.26764301328409873,rf,low mean R2 (0.087); high R2 variability (CV=0.27)
clr_total_mg_l_cl,0.09239093888372546,0.004710500894721685,0.05098444665282467,rf,low mean R2 (0.092)
log_total_mg_l_mg2,0.09418703327899633,0.010520660773188278,0.11169967252312195,rf,low mean R2 (0.094)
ph_cacl2,0.09818815490781634,0.019788959219906605,0.20154120666067524,rf,low mean R2 (0.098)
digest_mg_kg_be3130,0.09867251269235981,0.014922815571481096,0.15123579165362194,rf,low mean R2 (0.099)
clr_total_mg_l_mg2,-0.05403018754396016,0.01331713965103021,0.2464759101603171,xgb,low mean R2 (-0.054)
ec_us_cm,-0.03378528979484062,0.003804104604498868,0.11259647697560363,xgb,low mean R2 (-0.034)
log_digest_mg_kg_hg1849,-0.0297466130207625,0.009338116905172559,0.31392202193422,xgb,low mean R2 (-0.030); high R2 variability (CV=0.31)
digest_mg_kg_as1890,-0.027589017331454017,0.006325684068982169,0.22928268857804904,xgb,low mean R2 (-0.028)
log_digest_mg_kg_sn1899,-0.017662861317168318,0.0009597944568590037,0.05433969273857586,xgb,low mean R2 (-0.018)
log_digest_mg_kg_tl1908,-0.01120872175061436,2.9898120170262437e-05,0.0026673978385290628,xgb,low mean R2 (-0.011)
digest_mg_kg_b_2496,-0.00603852873645936,0.004977269979694555,0.8242520979726156,xgb,low mean R2 (-0.006); high R2 variability (CV=0.82)
clr_hr_1_mg_l_f,-0.0031855248122487,0.00564123403683437,1.7708962790505327,xgb,low mean R2 (-0.003); high R2 variability (CV=1.77)
hr_24_mg_l_so4,0.0038590419194465,0.004756399585130677,1.2325337958010274,xgb,low mean R2 (0.004); high R2 variability (CV=1.23)
clr_total_mg_l_f,0.0053884281843502805,0.006899851051296698,1.280494202620362,xgb,low mean R2 (0.005); high R2 variability (CV=1.28)
clr_hr_24_mg_l_no3,0.014829208869599958,0.007425993194535749,0.5007679950991261,xgb,low mean R2 (0.015); high R2 variability (CV=0.50)
log_digest_mg_kg_sb2068,0.029148733078450662,0.007713305920400347,0.2646189081234103,xgb,low mean R2 (0.029); high R2 variability (CV=0.26)
clr_hr_24_mg_l_f,0.053358137611245936,0.005651902990170268,0.1059239179475982,xgb,low mean R2 (0.053)
clr_hr_1_mg_l_cl,0.05578665645659918,0.004134802793764059,0.07411813247816432,xgb,low mean R2 (0.056)
digest_mg_kg_zn2138,0.05630018488256829,0.017014693753000958,0.30221381667734204,xgb,low mean R2 (0.056); high R2 variability (CV=0.30)
clr_total_mg_l_so4,0.062308777465141275,0.00679603564172691,0.10907027738634353,xgb,low mean R2 (0.062)
log_digest_mg_kg_li6707,0.08115774024113852,0.008646468447568834,0.10653904879409118,xgb,low mean R2 (0.081)
clr_hr_1_mg_l_so4,0.09255482310743086,0.006817388882241532,0.07365784573245207,xgb,low mean R2 (0.093)
digest_mg_kg_cu3247,0.09941073537937399,0.020378283410673,0.20499077220286957,xgb,low mean R2 (0.099)
