property,label,band,rf,rf_sd,xgb,xgb_sd,n_seeds,best,worst
d15n_air_permil,d15N,1,0.664640637794581,0.015417006855757765,0.6597016931401237,0.007456135153292667,5,0.664640637794581,0.6597016931401237
wt_percent_n,Wt% N,1,0.3894563781401568,0.012040275799595747,0.491057998830021,0.011776325036076769,5,0.491057998830021,0.3894563781401568
c_n_ratio,C:N,1,0.3051344676402973,0.01802676739190462,0.38276220356638174,0.007378605390930335,5,0.38276220356638174,0.3051344676402973
d13c_vpdb_permil,d13C,1,0.3560934969876276,0.006345428520021365,0.3353472047856996,0.019928135330962788,5,0.3560934969876276,0.3353472047856996
wt_percent_c,Wt% C,1,0.2747620905390225,0.005689696713101477,0.3321551197303111,0.0059625787016862695,5,0.3321551197303111,0.2747620905390225
digest_mg_kg_k_7664,K,2,0.37389041766333575,0.010251835322975777,0.45913865794892245,0.023134431520094388,5,0.45913865794892245,0.37389041766333575
digest_mg_kg_na5895,Na,2,0.40451231452977254,0.020417322560214883,0.4536168364838325,0.03610122027292309,5,0.4536168364838325,0.40451231452977254
digest_mg_kg_p_1774,P,2,0.3106858317880451,0.027118394545960947,0.4487838580858566,0.05853351544796594,5,0.4487838580858566,0.3106858317880451
digest_mg_kg_ni2316,Ni,2,0.4414819177118236,0.025797356204841818,0.4140837886389884,0.030416768801878807,5,0.4414819177118236,0.4140837886389884
digest_mg_kg_mg2852,Mg,2,0.4364366168857264,0.012694296030159688,0.4213704588381245,0.01378888599901798,5,0.4364366168857264,0.4213704588381245
digest_mg_kg_cr2835,Cr,2,0.3301326552043708,0.004600411255680451,0.4062221954065496,0.017638162397553066,5,0.4062221954065496,0.3301326552043708
digest_mg_kg_ti3349,Ti,2,0.40366073331780983,0.0070358548265710506,0.34653968360764337,0.02525268090871039,5,0.40366073331780983,0.34653968360764337
digest_mg_kg_mo2020,Mo,2,0.3464286376825759,0.02943020489866987,0.398323628881572,0.03702330958782512,5,0.398323628881572,0.3464286376825759
digest_mg_kg_sr4077,Sr,2,0.279383910024376,0.01737355066437449,0.38156810163386984,0.034673595793062,5,0.38156810163386984,0.279383910024376
digest_mg_kg_al3082,Al,2,0.16383072166817803,0.00828006369068213,0.3005162721673783,0.011290940340491525,5,0.3005162721673783,0.16383072166817803
digest_mg_kg_co2286,Co,2,0.2618557329815713,0.007310792356136823,0.2573715769588897,0.011471978378344955,5,0.2618557329815713,0.2573715769588897
digest_mg_kg_li6707,Li,2,0.2568479732978696,0.017135672381746184,0.1901494074776816,0.0984415994887023,5,0.2568479732978696,0.1901494074776816
digest_mg_kg_fe2599,Fe,2,0.20168537072678702,0.0083390775456161,0.2508480411662101,0.008159737814791396,5,0.2508480411662101,0.20168537072678702
digest_mg_kg_ca3158,Ca,2,0.11126135195260803,0.00929496779701443,0.21260911888582318,0.03335352382930127,5,0.21260911888582318,0.11126135195260803
digest_mg_kg_mn2576,Mn,2,0.10528976218027411,0.006476159849555851,0.13014946409439743,0.00831384713646039,5,0.13014946409439743,0.10528976218027411
digest_mg_kg_ba4554,Ba,2,0.07939810789275334,0.02649172337083108,0.1301111044023999,0.021546927428749852,5,0.1301111044023999,0.07939810789275334
digest_mg_kg_v_2924,V,2,0.12903458678079963,0.010255171844356818,0.12141216828373969,0.013560163466038121,5,0.12903458678079963,0.12141216828373969
digest_mg_kg_si2516,Si,2,0.08703236967787283,0.023293605673841523,0.11272441077289805,0.015692911026281325,5,0.11272441077289805,0.08703236967787283
digest_mg_kg_be3130,Be,2,0.09867251269235981,0.014922815571481134,0.10239490670717144,0.017037614800208697,5,0.10239490670717144,0.09867251269235981
digest_mg_kg_cu3247,Cu,2,-0.030279951073340472,0.017391128107865972,0.09941073537937402,0.02037828341067302,5,0.09941073537937402,-0.030279951073340472
digest_mg_kg_zn2138,Zn,2,0.06707579525261972,0.01358717314143955,0.05630018488256834,0.017014693753000944,5,0.06707579525261972,0.05630018488256834
digest_mg_kg_sb2068,Sb,2,0.02932995454701557,0.0039289284573860465,0.021686720840302674,0.00729723060664438,5,0.02932995454701557,0.021686720840302674
digest_mg_kg_b_2496,B,2,-0.06387792228948008,0.006331484770502276,-0.006038528736459381,0.004977269979694608,5,-0.006038528736459381,-0.06387792228948008
digest_mg_kg_tl1908,Tl,2,-0.020119519481957893,0.0030526914956356187,-0.010163798895531252,1.4518561943118264e-05,5,-0.010163798895531252,-0.020119519481957893
digest_mg_kg_sn1899,Sn,2,-0.047175701191582806,0.004773651568169642,-0.012282112976375891,0.0004876077373479195,5,-0.012282112976375891,-0.047175701191582806
digest_mg_kg_as1890,As,2,-0.09391522095135593,0.011537561787242592,-0.02758901733145409,0.0063256840689821835,5,-0.02758901733145409,-0.09391522095135593
digest_mg_kg_hg1849,Hg,2,-0.04121879147601355,0.002330992946178487,-0.05268888818130639,0.004102644270568552,5,-0.04121879147601355,-0.05268888818130639
digest_mg_kg_pb2203,Pb,2,-0.046302944129794986,0.005018259264355341,-0.04582915101635483,0.004856101847471492,5,-0.04582915101635483,-0.046302944129794986
clr_total_mg_l_po4,PO4 (Total),3,0.36732867182865475,0.021344611414939024,0.40491681266844404,0.0188567017462668,5,0.40491681266844404,0.36732867182865475
clr_total_mg_l_k,K (Total),3,0.230629045476217,0.02129017159166719,0.3829874347833508,0.0063985108367637725,5,0.3829874347833508,0.230629045476217
clr_hr_1_mg_l_po4,PO4 (1 hr),3,0.2783015152303022,0.012008075306442765,0.32380340998684193,0.020538743789647238,5,0.32380340998684193,0.2783015152303022
clr_hr_24_mg_l_po4,PO4 (24 hr),3,0.2534520420722307,0.015986317446489106,0.28804564694209134,0.014629866897484951,5,0.28804564694209134,0.2534520420722307
clr_total_mg_l_ca2,Ca (Total),3,0.2449122198711576,0.0173806648194633,0.2563284088641265,0.01801476752196711,5,0.2563284088641265,0.2449122198711576
clr_hr_1_mg_l_no3,NO3 (1 hr),3,0.1647102096287539,0.007509289780624012,0.2182343806546892,0.007320488147704455,5,0.2182343806546892,0.1647102096287539
clr_total_mg_l_no3,NO3 (Total),3,0.1624777044520022,0.009084769693466747,0.21269220313900786,0.02694524173653716,5,0.21269220313900786,0.1624777044520022
clr_total_mg_l_sr2,Sr (Total),3,0.1541078192494368,0.00858918393295496,0.18966521591246763,0.013630275312773268,5,0.18966521591246763,0.1541078192494368
clr_total_mg_l_na,Na (Total),3,0.1339076696000149,0.014176743655685164,0.15250731472718487,0.019441657595600532,5,0.15250731472718487,0.1339076696000149
clr_hr_24_mg_l_so4,SO4 (24 hr),3,0.12706404961944076,0.018284707370978027,0.13102181933624799,0.019249569028316888,5,0.13102181933624799,0.12706404961944076
clr_hr_24_mg_l_cl,Cl (24 hr),3,0.1043377851886776,0.008776222619484,0.1216475128908506,0.0066350940766125785,5,0.1216475128908506,0.1043377851886776
clr_total_mg_l_cl,Cl (Total),3,0.09239093888372549,0.004710500894721731,0.11462490247805787,0.008144778866675034,5,0.11462490247805787,0.09239093888372549
clr_hr_1_mg_l_so4,SO4 (1 hr),3,0.056323266697457575,0.020829859828125873,0.09255482310743093,0.0068173888822415235,5,0.09255482310743093,0.056323266697457575
clr_total_mg_l_so4,SO4 (Total),3,0.05934835565595169,0.006209945766471545,0.062308777465141275,0.006796035641726966,5,0.062308777465141275,0.05934835565595169
clr_hr_1_mg_l_cl,Cl (1 hr),3,0.03539991926327739,0.014220142999291252,0.055786656456599235,0.004134802793764054,5,0.055786656456599235,0.03539991926327739
clr_hr_24_mg_l_f,F (24 hr),3,0.013635186275151145,0.00402015887577512,0.05335813761124595,0.005651902990170284,5,0.05335813761124595,0.013635186275151145
clr_hr_24_mg_l_no3,NO3 (24 hr),3,0.007031525200389521,0.010363897671327458,0.014829208869599996,0.007425993194535725,5,0.014829208869599996,0.007031525200389521
clr_total_mg_l_f,F (Total),3,-0.0025293536743945743,0.007051176837571634,0.005388428184350302,0.006899851051296705,5,0.005388428184350302,-0.0025293536743945743
clr_hr_1_mg_l_f,F (1 hr),3,-0.02595547957768467,0.012665738024101812,-0.0031855248122487413,0.005641234036834405,5,-0.0031855248122487413,-0.02595547957768467
clr_total_mg_l_mg2,Mg (Total),3,-0.15910989881530901,0.015257361765064517,-0.054030187543960204,0.013317139651030228,5,-0.054030187543960204,-0.15910989881530901
ph_mq,pH (MQ),4,0.29895762801831716,0.01024781938190316,0.2852324387285448,0.00798189575009164,5,0.29895762801831716,0.2852324387285448
ph_kcl,pH (KCl),4,0.24980446443744714,0.008743024243262464,0.24353294325548225,0.010050014370320336,5,0.24980446443744714,0.24353294325548225
cec_meq_100g,CEC,4,0.09582797622307686,0.020233501812017208,0.1924241479421115,0.02202319792684562,5,0.1924241479421115,0.09582797622307686
ph_cacl2,pH (CaCl2),4,0.09818815490781636,0.01978895921990662,0.1096361640670728,0.010512511267022944,5,0.1096361640670728,0.09818815490781636
hr_24_mg_l_cl,Cl (24 hr),5,0.015787938473259856,0.012633710061636803,0.0976525431214162,0.04850974957482866,5,0.0976525431214162,0.015787938473259856
total_mg_l_na,Na (Total),5,-0.05645785059881159,0.005868825751256069,-0.004621516841146489,0.015516464917613382,5,-0.004621516841146489,-0.05645785059881159
hr_24_mg_l_so4,SO4 (24 hr),5,-0.06527685802125535,0.02846288386819927,-0.014393398419441405,0.041021035998416604,5,-0.014393398419441405,-0.06527685802125535
ec_us_cm,EC,5,-0.22547636725725534,0.018759289035622833,-0.033785289794840655,0.003804104604498862,5,-0.033785289794840655,-0.22547636725725534
total_mg_l_mg2,Mg (Total),5,-0.08866870893676686,0.0010339147851887555,-0.045039189902527,0.01686116803117641,5,-0.045039189902527,-0.08866870893676686
total_mg_l_cl,Cl (Total),5,-0.07984369421440021,0.016899911734838326,-0.06427307808386953,0.03834539090724047,5,-0.06427307808386953,-0.07984369421440021
hr_1_mg_l_cl,Cl (1 hr),5,-0.10432238191584257,0.013282896321656827,-0.07229889936398784,0.013532505907680072,5,-0.07229889936398784,-0.10432238191584257
hr_1_mg_l_so4,SO4 (1 hr),5,-0.12100829933368358,0.002171536564927953,-0.07758520105917754,0.031008596535593517,5,-0.07758520105917754,-0.12100829933368358
total_mg_l_so4,SO4 (Total),5,-0.14478852234681297,0.0044502844376670065,-0.1267423653188718,0.013865151363953769,5,-0.1267423653188718,-0.14478852234681297
total_mg_l_ca2,Ca (Total),5,-0.15600183711515497,0.01613251286536983,-0.17821864784197014,0.12059045138597643,5,-0.15600183711515497,-0.17821864784197014
