model,target,mean_r2,tier,n_cells,n_negative_cells,negative_is_valid,sd_all_nan,obs_min,obs_max,pred_min,pred_max,n_cells_outside_obs_range,keep_under_new_gate,flags
rf,ph_mq,0.29895762801831716,weak,15769,0,False,False,4.279,10.135,6.0381415034868455,9.52089709611121,0,False,mean R2 below 0.30
rf,ph_kcl,0.24980446443744714,weak,15769,0,False,False,3.564,8.892,4.99447705622354,7.899701669480313,0,False,mean R2 below 0.30
rf,ph_cacl2,0.09818815490781636,weak,15769,0,False,False,4.245,9.02,5.290827063120754,7.878251263845238,0,False,mean R2 below 0.30
rf,d15n_air_permil,0.664640637794581,strong,15769,14340,True,False,-19.6,40.84,-14.399780090139467,24.605089273497743,0,True,
rf,d13c_vpdb_permil,0.3560934969876276,moderate,15769,15769,True,False,-41.87,5.16,-32.31727365873016,-3.4807073333333327,0,True,
rf,wt_percent_n,0.3894563781401568,moderate,15769,0,False,False,0.0,0.54,0.0122522053338485,0.2528163884569162,0,True,
rf,wt_percent_c,0.2747620905390225,weak,15769,0,False,False,0.01,4.97,0.0348009299850475,1.2792342842027256,0,False,mean R2 below 0.30
rf,c_n_ratio,0.3051344676402973,moderate,15769,0,False,False,0.04,91.07,1.3835631508491508,51.563260481962494,0,True,
rf,cec_meq_100g,,no data,15769,0,False,False,,,1.155105596126747,9.298835586901657,0,False,
rf,digest_mg_kg_li6707,,no data,15769,0,False,False,,,2.19177152627337,32.85347007132181,0,False,
rf,digest_mg_kg_mo2020,,no data,15769,0,False,False,,,0.1454458402541644,1.6512373294438645,0,False,
rf,digest_mg_kg_p_1774,,no data,15769,0,False,False,,,136.73307151128196,4560.380257660941,0,False,
rf,digest_mg_kg_pb2203,,no data,15769,0,False,False,,,1.8043439922198057,15.967537758485468,0,False,
rf,digest_mg_kg_sb2068,,no data,15769,0,False,False,,,1.514161310954964,2.295518735089108,0,False,
rf,digest_mg_kg_sr4077,,no data,15769,0,False,False,,,3.6686241938920743,176.06595347166285,0,False,
rf,clr_hr_1_mg_l_cl,0.03539991926327739,weak,15769,0,True,False,-3.0677303027803884,4.7480239894038565,0.3258672478420013,3.185917274639592,0,False,mean R2 below 0.30
rf,clr_hr_1_mg_l_no3,0.1647102096287539,weak,15769,10194,True,False,-3.975578364210408,4.048873863090794,-1.9279738195114509,2.536912996433126,0,False,mean R2 below 0.30
rf,clr_hr_1_mg_l_po4,0.2783015152303022,weak,15769,15769,True,False,-6.427256504793535,2.836314510959474,-5.043286246262315,-0.3279929340020693,0,False,mean R2 below 0.30
rf,clr_hr_1_mg_l_so4,0.056323266697457575,weak,15769,0,True,False,-1.3830011031341027,6.534696416036887,0.7090510998666296,5.544486156694751,0,False,mean R2 below 0.30
rf,clr_hr_24_mg_l_f,0.013635186275151145,weak,15769,15769,True,False,-4.686581471408765,2.0254316788670828,-2.5774790835523973,-0.0746406093787374,0,False,mean R2 below 0.30
rf,clr_hr_24_mg_l_cl,0.1043377851886776,weak,15769,0,True,False,-1.810642015552343,4.181437735021468,0.8772242727994571,3.0754584026747556,0,False,mean R2 below 0.30
rf,clr_hr_24_mg_l_no3,0.007031525200389521,weak,15769,15769,True,False,-3.8545241574233335,2.592006376747674,-1.8379507913737916,-0.1937839373451773,0,False,mean R2 below 0.30
rf,clr_hr_24_mg_l_po4,0.2534520420722307,weak,15769,15749,True,False,-5.302248729137131,2.137153319770061,-3.8996199113947383,0.7698585233202588,0,False,mean R2 below 0.30
rf,clr_hr_24_mg_l_so4,0.12706404961944076,weak,15769,0,True,False,-1.2408628185355457,6.4167575395230685,0.2200105324724157,4.238100708936794,0,False,mean R2 below 0.30
rf,clr_total_mg_l_cl,0.09239093888372549,weak,15769,416,True,False,-3.8447530873335305,4.60914750863663,-1.237455218893993,2.8618643331483944,0,False,mean R2 below 0.30
rf,clr_total_mg_l_no3,0.1624777044520022,weak,15769,13643,True,False,-4.865914092855271,3.538168101739459,-2.543230868822033,1.360575446508568,0,False,mean R2 below 0.30
rf,clr_total_mg_l_po4,0.36732867182865475,moderate,15769,15746,True,False,-6.631970100509997,2.378132424475074,-5.806361343355151,0.8355864914821931,0,True,
rf,clr_total_mg_l_so4,0.05934835565595169,weak,15769,0,True,False,-0.9139404115583932,4.953935296095346,1.4210922546680602,3.8127296318988817,0,False,mean R2 below 0.30
rf,clr_total_mg_l_ca2,0.2449122198711576,weak,15769,7,True,False,-1.8338081429357296,4.24637041972751,-0.8927789963709815,3.408252287321549,0,False,mean R2 below 0.30
rf,clr_total_mg_l_k,0.230629045476217,weak,15769,1835,True,False,-1.902637271901483,4.029319386462211,-0.5349557863033847,2.8373755034302564,0,False,mean R2 below 0.30
rf,clr_total_mg_l_na,0.1339076696000149,weak,15769,0,True,False,0.6384762553360626,6.180910937262525,1.3501760665784814,3.590478109519174,0,False,mean R2 below 0.30
rf,clr_total_mg_l_sr2,0.1541078192494368,weak,15769,15769,True,False,-9.194532506439126,-0.1824191438981497,-6.6919326275066595,-2.006883959997642,0,False,mean R2 below 0.30
rf,digest_mg_kg_al3082,0.16383072166817803,weak,15769,0,False,False,578.56,31057.88,3460.8453731343334,19968.569144020912,0,False,mean R2 below 0.30
rf,digest_mg_kg_ba4554,0.07939810789275334,weak,15769,0,False,False,0.5,135.07,5.618728289753342,81.42377713245115,0,False,mean R2 below 0.30
rf,digest_mg_kg_be3130,0.09867251269235981,weak,15769,0,False,False,0.01,5.96,0.1770753423913252,2.340171531859311,0,False,mean R2 below 0.30
rf,digest_mg_kg_co2286,0.2618557329815713,weak,15769,0,False,False,0.5,37.05,3.40628473846363,22.355828642345124,0,False,mean R2 below 0.30
rf,digest_mg_kg_cr2835,0.3301326552043708,moderate,15769,0,False,False,0.5,63.45,5.181067275890941,41.33687779955291,0,True,
rf,digest_mg_kg_fe2599,0.20168537072678702,weak,15769,0,False,False,691.88,40672.69,6770.780115369316,25703.352236661245,0,False,mean R2 below 0.30
rf,digest_mg_kg_k_7664,0.37389041766333575,moderate,15769,0,False,False,42.64,13900.0,286.019225025439,10075.38327690358,0,True,
rf,digest_mg_kg_mn2576,0.10528976218027411,weak,15769,0,False,False,14.58,2173.35,71.13136937267835,638.0459084536858,0,False,mean R2 below 0.30
rf,digest_mg_kg_ni2316,0.4414819177118236,moderate,15769,0,False,False,0.5,171.17,2.991641422929849,119.02275570313677,0,True,
rf,digest_mg_kg_si2516,0.08703236967787283,weak,15769,0,False,False,0.0,1208.17,152.86558866345246,625.726513221148,0,False,mean R2 below 0.30
rf,digest_mg_kg_ti3349,0.40366073331780983,moderate,15769,0,False,False,16.53,3311.24,81.09384483294103,2033.811237869945,0,True,
rf,digest_mg_kg_v_2924,0.12903458678079963,weak,15769,0,False,False,0.5,157.39,10.373931168334776,57.45082511524869,0,False,mean R2 below 0.30
rf,digest_mg_kg_zn2138,0.06707579525261972,weak,15769,0,False,False,0.25,223.15,11.902653118184253,85.68057128597584,0,False,mean R2 below 0.30
rf,total_mg_l_cl,0.14384834130755336,weak,15769,0,False,False,5.0,6066.2,9.444754404074576,787.5501237560053,0,False,mean R2 below 0.30
rf,hr_1_mg_l_cl,0.14027882793557203,weak,15769,0,False,False,2.5,5783.31,3.1056814484821444,505.16650633856216,0,False,mean R2 below 0.30
rf,hr_24_mg_l_cl,0.1747086426818593,weak,15769,0,False,False,2.5,489.11,2.7671849636266623,159.83439812392038,0,False,mean R2 below 0.30
rf,total_mg_l_so4,0.13980209767500956,weak,15769,0,False,False,50.0,18890.5,50.14449347703008,5929.168036356999,0,False,mean R2 below 0.30
rf,hr_1_mg_l_so4,0.14406656923095554,weak,15769,0,False,False,25.0,18865.5,24.99999999999997,6305.956873005522,1,False,mean R2 below 0.30; predicts outside observed training range
rf,total_mg_l_na,0.29021261277155214,weak,15769,0,False,False,3.97,19240.0,9.918631578230356,2654.708683467246,0,False,mean R2 below 0.30
rf,total_mg_l_mg2,0.09418703327899632,weak,15769,0,False,False,0.88,4789.81,2.049779571951531,1001.466537389077,0,False,mean R2 below 0.30
rf,total_mg_l_ca2,0.1014441294451438,weak,15769,0,False,False,1.86,6335.22,8.783206662985027,2080.5985793465234,0,False,mean R2 below 0.30
rf,digest_mg_kg_na5895,0.39383930932702427,moderate,15769,0,False,False,41.48,16806.39,149.24589266414048,10726.599961593089,0,True,
rf,digest_mg_kg_mg2852,0.4364366168857264,moderate,15769,0,False,False,134.87,42359.44,1593.4342502684017,28782.48207400124,0,True,
rf,digest_mg_kg_ca3158,0.25586124067183724,weak,15769,0,False,False,158.33,59899.6,1025.2255252680409,21076.388717316935,0,False,mean R2 below 0.30
rf,clr_total_mg_l_f,-0.0025293536743945743,unusable,15769,15769,True,False,-6.293491376132214,1.5675277887803158,-3.2284421572884145,-0.7162258821125004,0,False,mean R2 <= 0
xgb,ph_mq,0.2852324387285448,weak,15769,0,False,False,4.279,10.135,6.31063406,9.1229172,0,False,mean R2 below 0.30
xgb,ph_kcl,0.24353294325548225,weak,15769,0,False,False,3.564,8.892,5.31796972,7.59431532,0,False,mean R2 below 0.30
xgb,ph_cacl2,0.1096361640670728,weak,15769,0,False,False,4.245,9.02,5.63649694,7.566673280000001,0,False,mean R2 below 0.30
xgb,d15n_air_permil,0.6597016931401237,strong,15769,13698,True,False,-19.6,40.84,-16.3984578,26.8524472,0,True,
xgb,d13c_vpdb_permil,0.3353472047856996,moderate,15769,15769,True,False,-41.87,5.16,-35.316952400000005,-2.551040532,0,True,
xgb,wt_percent_n,0.491057998830021,moderate,15769,0,False,False,0.0,0.54,0.0170160911,0.300545522,0,True,
xgb,wt_percent_c,0.3321551197303111,moderate,15769,63,False,False,0.01,4.97,-0.0357855903599999,1.49844206,141,True,physically impossible negative values; predicts outside observed training range
xgb,c_n_ratio,0.38276220356638174,moderate,15769,70,False,False,0.04,91.07,-1.281440281,57.6689336,74,True,physically impossible negative values; predicts outside observed training range
xgb,cec_meq_100g,,no data,15769,0,False,False,,,0.8818062561957916,10.51125917203876,0,False,
xgb,digest_mg_kg_li6707,,no data,15769,0,False,False,,,2.460478730724561,26.890502376171373,0,False,
xgb,digest_mg_kg_mo2020,,no data,15769,0,False,False,,,0.2159346957769679,1.298992016349222,0,False,
xgb,digest_mg_kg_p_1774,,no data,15769,0,False,False,,,123.6928097192446,5531.102612483458,0,False,
xgb,digest_mg_kg_pb2203,,no data,15769,0,False,False,,,2.0530457938799667,22.49148422634337,0,False,
xgb,digest_mg_kg_sb2068,,no data,15769,0,False,False,,,1.564658742389564,1.972185848468035,0,False,
xgb,digest_mg_kg_sr4077,,no data,15769,0,False,False,,,2.437084828919052,263.0812728899318,0,False,
xgb,clr_hr_1_mg_l_cl,0.055786656456599235,weak,15769,0,True,False,-3.0677303027803884,4.7480239894038565,0.1967770299999999,3.05773044,0,False,mean R2 below 0.30
xgb,clr_hr_1_mg_l_no3,0.2182343806546892,weak,15769,11933,True,False,-3.975578364210408,4.048873863090794,-1.85724478,2.70913308,0,False,mean R2 below 0.30
xgb,clr_hr_1_mg_l_po4,0.32380340998684193,moderate,15769,15769,True,False,-6.427256504793535,2.836314510959474,-5.60217246,-0.15917448,0,True,
xgb,clr_hr_1_mg_l_so4,0.09255482310743093,weak,15769,0,True,False,-1.3830011031341027,6.534696416036887,0.580628022,5.79626112,0,False,mean R2 below 0.30
xgb,clr_hr_24_mg_l_f,0.05335813761124595,weak,15769,15769,True,False,-4.686581471408765,2.0254316788670828,-2.34424508,-0.291881226,0,False,mean R2 below 0.30
xgb,clr_hr_24_mg_l_cl,0.1216475128908506,weak,15769,0,True,False,-1.810642015552343,4.181437735021468,0.872243632,3.08636722,0,False,mean R2 below 0.30
xgb,clr_hr_24_mg_l_no3,0.014829208869599996,weak,15769,15769,True,False,-3.8545241574233335,2.592006376747674,-1.5428251400000002,-0.658858682,0,False,mean R2 below 0.30
xgb,clr_hr_24_mg_l_po4,0.28804564694209134,weak,15769,15740,True,False,-5.302248729137131,2.137153319770061,-4.2640213199999994,0.88692375,0,False,mean R2 below 0.30
xgb,clr_hr_24_mg_l_so4,0.13102181933624799,weak,15769,0,True,False,-1.2408628185355457,6.4167575395230685,0.0234126183999999,4.98444838,0,False,mean R2 below 0.30
xgb,clr_total_mg_l_f,0.005388428184350302,weak,15769,15769,True,False,-6.293491376132214,1.5675277887803158,-2.64256775,-1.186863675,0,False,mean R2 below 0.30
xgb,clr_total_mg_l_cl,0.11462490247805787,weak,15769,844,True,False,-3.8447530873335305,4.60914750863663,-1.95964976,2.85555964,0,False,mean R2 below 0.30
xgb,clr_total_mg_l_no3,0.21269220313900786,weak,15769,13555,True,False,-4.865914092855271,3.538168101739459,-2.81968138,2.1741857199999997,0,False,mean R2 below 0.30
xgb,clr_total_mg_l_po4,0.40491681266844404,moderate,15769,15751,True,False,-6.631970100509997,2.378132424475074,-6.35714982,0.814153742,0,True,
xgb,clr_total_mg_l_so4,0.062308777465141275,weak,15769,0,True,False,-0.9139404115583932,4.953935296095346,1.52066298,3.813519139999999,0,False,mean R2 below 0.30
xgb,clr_total_mg_l_ca2,0.2563284088641265,weak,15769,27,True,False,-1.8338081429357296,4.24637041972751,-0.866248448,3.67688332,0,False,mean R2 below 0.30
xgb,clr_total_mg_l_k,0.3829874347833508,moderate,15769,2437,True,False,-1.902637271901483,4.029319386462211,-1.00510694,3.1842472,0,True,
xgb,clr_total_mg_l_na,0.15250731472718487,weak,15769,0,True,False,0.6384762553360626,6.180910937262525,1.23681912,3.35124728,0,False,mean R2 below 0.30
xgb,clr_total_mg_l_sr2,0.18966521591246763,weak,15769,15769,True,False,-9.194532506439126,-0.1824191438981497,-6.74201886,-2.0460610600000004,0,False,mean R2 below 0.30
xgb,digest_mg_kg_al3082,0.3005162721673783,moderate,15769,0,False,False,578.56,31057.88,1312.329446,27917.97,0,True,
xgb,digest_mg_kg_ba4554,0.1301111044023999,weak,15769,0,False,False,0.5,135.07,12.84047794,72.07343060000001,0,False,mean R2 below 0.30
xgb,digest_mg_kg_be3130,0.10239490670717144,weak,15769,0,False,False,0.01,5.96,0.234291856,2.31756512,0,False,mean R2 below 0.30
xgb,digest_mg_kg_co2286,0.2573715769588897,weak,15769,0,False,False,0.5,37.05,3.55243704,20.3521638,0,False,mean R2 below 0.30
xgb,digest_mg_kg_cr2835,0.4062221954065496,moderate,15769,0,False,False,0.5,63.45,3.06741966,54.315923,0,True,
xgb,digest_mg_kg_cu3247,0.09941073537937402,weak,15769,0,False,False,0.5,55.11,6.597960280000001,26.091278999999997,0,False,mean R2 below 0.30
xgb,digest_mg_kg_fe2599,0.2508480411662101,weak,15769,0,False,False,691.88,40672.69,6105.971879999999,26747.7374,0,False,mean R2 below 0.30
xgb,digest_mg_kg_k_7664,0.45913865794892245,moderate,15769,2,False,False,42.64,13900.0,-513.949366,10194.7302,4,True,physically impossible negative values; predicts outside observed training range
xgb,digest_mg_kg_mn2576,0.13014946409439743,weak,15769,0,False,False,14.58,2173.35,89.085725,1290.71522,0,False,mean R2 below 0.30
xgb,digest_mg_kg_ni2316,0.4140837886389884,moderate,15769,0,False,False,0.5,171.17,0.3666978339999999,112.21599999999998,1,True,predicts outside observed training range
xgb,digest_mg_kg_si2516,0.11272441077289805,weak,15769,0,False,False,0.0,1208.17,162.690894,629.552062,0,False,mean R2 below 0.30
xgb,digest_mg_kg_ti3349,0.34653968360764337,moderate,15769,0,False,False,16.53,3311.24,120.911284,1960.20078,0,True,
xgb,digest_mg_kg_v_2924,0.12141216828373969,weak,15769,0,False,False,0.5,157.39,13.699034799999998,48.200133,0,False,mean R2 below 0.30
xgb,digest_mg_kg_zn2138,0.05630018488256834,weak,15769,0,False,False,0.25,223.15,15.23939528,85.00428400000001,0,False,mean R2 below 0.30
xgb,total_mg_l_cl,0.1363195687212781,weak,15769,0,False,False,5.0,6066.2,7.0685071892189555,1615.7106632137684,0,False,mean R2 below 0.30
xgb,hr_1_mg_l_cl,0.16683198408356295,weak,15769,0,False,False,2.5,5783.31,2.481376719550293,1011.8642346239964,1,False,mean R2 below 0.30; predicts outside observed training range
xgb,hr_24_mg_l_cl,0.2272888508673772,weak,15769,0,False,False,2.5,489.11,1.619237046850588,266.10902012817576,28,False,mean R2 below 0.30; predicts outside observed training range
xgb,total_mg_l_so4,0.19324404156458805,weak,15769,0,False,False,50.0,18890.5,38.57199087673759,13924.801624908036,338,False,mean R2 below 0.30; predicts outside observed training range
xgb,hr_1_mg_l_so4,0.19850428357480351,weak,15769,0,False,False,25.0,18865.5,21.16057933793862,7389.223427891219,164,False,mean R2 below 0.30; predicts outside observed training range
xgb,hr_24_mg_l_so4,0.0034195483750196097,weak,15769,0,False,False,25.0,8668.98,192.40643496745088,3186.361068223764,0,False,mean R2 below 0.30
xgb,total_mg_l_na,0.4676471965487646,moderate,15769,0,False,False,3.97,19240.0,5.422732275881329,5382.666923898141,0,True,
xgb,total_mg_l_mg2,0.20896121079333146,weak,15769,0,False,False,0.88,4789.81,1.2212644224585136,6784.759125412464,9,False,mean R2 below 0.30; predicts outside observed training range
xgb,total_mg_l_ca2,0.17436376553711536,weak,15769,0,False,False,1.86,6335.22,3.8678891926776577,12825.915502591071,36,False,mean R2 below 0.30; predicts outside observed training range
xgb,digest_mg_kg_na5895,0.42274309479361394,moderate,15769,23,False,False,41.48,16806.39,-319.4015542218517,12717.34864895809,29,True,physically impossible negative values; predicts outside observed training range
xgb,digest_mg_kg_mg2852,0.4213704588381245,moderate,15769,0,False,False,134.87,42359.44,907.019314,30479.3168,0,True,
xgb,digest_mg_kg_ca3158,0.3381943913584704,moderate,15769,0,False,False,158.33,59899.6,895.7533540161,33543.862173733396,0,True,
xgb,digest_mg_kg_b_2496,-0.006038528736459381,unusable,15769,0,False,True,0.5,96.79,5.726158,13.027974,0,False,SD undefined: only one seed produced this map; mean R2 <= 0
xgb,clr_hr_1_mg_l_f,-0.0031855248122487413,unusable,15769,15769,True,True,-5.6712827708901905,1.8161282864301849,-3.3619359,-0.6321703,0,False,SD undefined: only one seed produced this map; mean R2 <= 0
