predictor,train_min,train_max,grid_min,grid_max,grid_cells_outside,pct_outside
wgs84_elev_from_pgc,-55.3984,2600.11,-56.406,4405.47,1058,6.709366478533832
dist_coast_scar_km,0.0,157.7,0.00022,338.192,859,5.447396791172554
precipitation_racmo,14.9,1666.0,12.697,1665.99,137,0.8687932018517344
temperature_racmo,-39.16,-4.05,-41.797,-1.775,960,6.087893969180037
slope_dem,0.0,56.1,0.0,79.21260071,222,1.4078254803728836
litho_a,9.0,9.0,,,0,0.0
litho_b,3.0,3.0,,,281,1.78197729722874
litho_c,68.0,68.0,,,0,0.0
litho_d,10.0,10.0,,,0,0.0
litho_g,29.0,29.0,,,0,0.0
litho_n,1.0,1.0,,,845,5.3586150041220115
litho_p,10.0,10.0,,,0,0.0
litho_s,24.0,24.0,,,0,0.0
litho_w,17.0,17.0,,,0,0.0
