model,property,n_seeds,scored_in,transform_flipped_across_seeds,r2_reported_mean,r2_reported_sd,r2_native_mean,r2_native_sd,rmse_native_mean,mae_native_mean,r2_min_seed,r2_max_seed,n_tiers_seen,tiers_seen,tier_reported_basis,tier_native_basis,scored_in_native_units,r2_drop_native,positive_reported_negative_native,r2_by_seed
rf,c_n_ratio,5,native units,False,0.3051344676402973,0.01802676739190462,0.3051344676402973,0.01802676739190462,12.099630876339202,7.181074265543989,0.28022675270926023,0.31987237245845657,2,"moderate, weak",moderate,moderate,True,0.0,False,"+0.318, +0.316, +0.292, +0.280, +0.320"
rf,ph_mq,5,native units,False,0.29895762801831716,0.01024781938190316,0.29895762801831716,0.01024781938190316,1.0103662818619246,0.7667458110289409,0.2900140288092524,0.3160438809384464,2,"moderate, weak",weak,weak,True,0.0,False,"+0.316, +0.297, +0.292, +0.299, +0.290"
rf,total_mg_l_na,5,natural log,False,0.29021261277155214,0.03021326143529978,-0.05645785059881159,0.005868825751256069,1742.5032601668725,538.5182327921373,0.2538749064671283,0.3341556498303211,2,"moderate, weak",weak,unusable,False,0.3466704633703637,True,"+0.301, +0.273, +0.334, +0.254, +0.289"
rf,clr_hr_24_mg_l_no3,5,CLR,False,0.007031525200389521,0.010363897671327458,0.007031525200389521,0.010363897671327458,1.0933466023634957,0.745695549204115,-0.0024782391186031205,0.023573354065278274,2,"weak, unusable",weak,weak,False,0.0,False,"+0.005, +0.009, -0.002, +0.024, -0.000"
rf,clr_total_mg_l_f,5,CLR,False,-0.0025293536743945743,0.007051176837571634,-0.0025293536743945743,0.007051176837571634,1.3900582498167124,1.0875319116586706,-0.014577587999909492,0.003202082056503852,2,"unusable, weak",unusable,unusable,False,0.0,False,"-0.015, -0.001, -0.002, +0.002, +0.003"
xgb,wt_percent_n,5,native units,False,0.491057998830021,0.011776325036076769,0.491057998830021,0.011776325036076769,0.06649686551409581,0.038950912174904886,0.481525952220207,0.5099430230797785,2,"strong, moderate",moderate,moderate,True,0.0,False,"+0.510, +0.482, +0.494, +0.488, +0.482"
xgb,clr_hr_1_mg_l_po4,5,CLR,False,0.32380340998684193,0.020538743789647238,0.32380340998684193,0.020538743789647238,1.4515468654425203,1.0940805231186999,0.2956678768702038,0.35202988485524,2,"weak, moderate",moderate,moderate,False,0.0,False,"+0.296, +0.352, +0.327, +0.316, +0.329"
xgb,digest_mg_kg_al3082,5,native units,False,0.3005162721673783,0.011290940340491525,0.3005162721673783,0.011290940340491525,5405.033037327273,4103.252725557383,0.2822978275783631,0.3130187885038721,2,"weak, moderate",moderate,moderate,True,0.0,False,"+0.300, +0.304, +0.304, +0.282, +0.313"
xgb,log_cec_meq_100g,5,log1p,False,0.2881944606992202,0.01372574906296971,0.1924241479421115,0.02202319792684562,2.8585793028436575,2.0233783259573475,0.27142605684929677,0.3031563516582977,2,"moderate, weak",weak,weak,False,0.09577031275710873,False,"+0.303, +0.282, +0.271, +0.302, +0.283"
xgb,clr_hr_24_mg_l_po4,5,CLR,False,0.28804564694209134,0.014629866897484951,0.28804564694209134,0.014629866897484951,1.1771124483202242,0.859229071987299,0.27096386319484067,0.3105076445275454,2,"moderate, weak",weak,weak,False,0.0,False,"+0.311, +0.286, +0.291, +0.281, +0.271"
xgb,clr_total_mg_l_f,5,CLR,False,0.005388428184350302,0.006899851051296705,0.005388428184350302,0.006899851051296705,1.384558317145078,1.0957185766340565,-0.0009396600597793014,0.012917882303344452,2,"weak, unusable",weak,weak,False,0.0,False,"+0.002, +0.013, +0.000, +0.013, -0.001"
xgb,hr_24_mg_l_so4,5,native units / natural log,True,0.0034195483750196097,0.004234769844754075,-0.014393398419441405,0.041021035998416604,1911.5831145571744,821.3421764559831,-0.0023940689505388413,0.009179726303610969,2,"weak, unusable",weak,unusable,False,0.017812946794461014,True,"+0.002, +0.004, -0.002, +0.004, +0.009"
xgb,clr_hr_1_mg_l_f,5,CLR,False,-0.0031855248122487413,0.005641234036834405,-0.0031855248122487413,0.005641234036834405,1.406298104994597,0.9968327869725462,-0.008623301281420748,0.0057397912657243255,2,"unusable, weak",unusable,unusable,False,0.0,False,"-0.004, -0.002, -0.007, -0.009, +0.006"
xgb,digest_mg_kg_b_2496,5,native units,False,-0.006038528736459381,0.004977269979694608,-0.006038528736459381,0.004977269979694608,20.31979074288271,11.101712490840265,-0.009528021615996751,0.0025456439408305664,2,"unusable, weak",unusable,unusable,True,0.0,False,"-0.009, -0.009, +0.003, -0.006, -0.010"
