model,raw_col,n_seeds,n_log_selected,n_distinct_choices,mean_r2_raw,mean_r2_log,mean_gap,flipped_across_seeds
rf,digest_mg_kg_ca3158,5,5,1,0.178579,0.2558612,0.0772822,False
rf,digest_mg_kg_mg2852,5,0,1,0.43643660000000006,0.2972824,-0.1391542,False
rf,digest_mg_kg_na5895,5,1,2,0.393832,0.373433,-0.02039899999999999,True
rf,ec_us_cm,5,0,1,-0.22547639999999997,-0.2959334,-0.07045700000000002,False
rf,hr_1_mg_l_cl,5,5,1,-0.0241674,0.14027879999999998,0.1644462,False
rf,hr_1_mg_l_so4,5,5,1,-0.0833248,0.1440666,0.2273914,False
rf,hr_24_mg_l_cl,5,5,1,0.12128779999999999,0.1747086,0.053420800000000004,False
rf,hr_24_mg_l_so4,5,3,2,-0.039617200000000005,-0.035425200000000004,0.004192000000000001,True
rf,total_mg_l_ca2,5,5,1,0.0032186,0.10144420000000001,0.0982256,False
rf,total_mg_l_cl,5,5,1,-0.0149526,0.1438482,0.15880080000000002,False
rf,total_mg_l_mg2,5,5,1,-0.0840168,0.09418699999999999,0.1782038,False
rf,total_mg_l_na,5,5,1,-0.0408402,0.2902126,0.33105280000000004,False
rf,total_mg_l_so4,5,5,1,-0.020786199999999998,0.13980220000000002,0.16058840000000002,False
xgb,digest_mg_kg_ca3158,5,5,1,0.1559412,0.3381946,0.1822534,False
xgb,digest_mg_kg_mg2852,5,0,1,0.42137060000000004,0.3325288,-0.08884180000000001,False
xgb,digest_mg_kg_na5895,5,2,2,0.4200422,0.413131,-0.006911200000000006,True
xgb,ec_us_cm,5,0,1,-0.0337854,-0.0572276,-0.023442200000000003,False
xgb,hr_1_mg_l_cl,5,5,1,0.0049396,0.166832,0.1618924,False
xgb,hr_1_mg_l_so4,5,5,1,0.058357799999999994,0.1985042,0.1401464,False
xgb,hr_24_mg_l_cl,5,5,1,0.1174544,0.22728920000000002,0.10983480000000001,False
xgb,hr_24_mg_l_so4,5,1,2,0.0029432,-0.0049524,-0.0078956,True
xgb,total_mg_l_ca2,5,5,1,0.0205782,0.1743636,0.15378540000000002,False
xgb,total_mg_l_cl,5,5,1,0.018399000000000002,0.1363196,0.1179206,False
xgb,total_mg_l_mg2,5,5,1,0.1295226,0.2089612,0.07943860000000001,False
xgb,total_mg_l_na,5,5,1,0.1088978,0.4676474,0.3587496,False
xgb,total_mg_l_so4,5,5,1,0.0425204,0.193244,0.1507236,False
