property,scored_in,rf_r2,rf_r2_sd,rf_n_seeds,xgb_r2,xgb_r2_sd,xgb_n_seeds,winner_reported_basis,rf_r2_native,xgb_r2_native,winner_native_basis,rf_tier,xgb_tier,delta_xgb_minus_rf,rf_sd_lower,win_inside_noise
d15n_air_permil,native units,0.664640637794581,0.015417006855757765,5,0.6597016931401237,0.007456135153292667,5,tie,0.664640637794581,0.6597016931401237,tie,strong,strong,-0.004938944654457322,False,True
wt_percent_n,native units,0.3894563781401568,0.012040275799595747,5,0.491057998830021,0.011776325036076769,5,xgb,0.3894563781401568,0.491057998830021,xgb,moderate,moderate,0.10160162068986417,False,False
total_mg_l_na,natural log,0.29021261277155214,0.03021326143529978,5,0.4676471965487646,0.00957889019425843,5,xgb,-0.05645785059881159,-0.004621516841146489,xgb,weak,moderate,0.17743458377721244,False,False
digest_mg_kg_k_7664,native units,0.37389041766333575,0.010251835322975777,5,0.45913865794892245,0.023134431520094388,5,xgb,0.37389041766333575,0.45913865794892245,xgb,moderate,moderate,0.0852482402855867,True,False
log_digest_mg_kg_sr4077,log1p,0.37366609198244327,0.02060443092370544,5,0.42552886887532315,0.01868259898937963,5,xgb,0.279383910024376,0.38156810163386984,xgb,moderate,moderate,0.05186277689287988,False,False
digest_mg_kg_na5895,native units / natural log,0.39383930932702427,0.022059260385954994,5,0.42274309479361394,0.025321592838263983,5,xgb,0.40451231452977254,0.4536168364838325,xgb,moderate,moderate,0.02890378546658967,True,False
digest_mg_kg_mg2852,native units,0.4364366168857264,0.012694296030159688,5,0.4213704588381245,0.01378888599901798,5,tie,0.4364366168857264,0.4213704588381245,tie,moderate,moderate,-0.015066158047601863,True,False
digest_mg_kg_ni2316,native units,0.4414819177118236,0.025797356204841818,5,0.4140837886389884,0.030416768801878807,5,rf,0.4414819177118236,0.4140837886389884,rf,moderate,moderate,-0.027398129072835176,True,True
digest_mg_kg_cr2835,native units,0.3301326552043708,0.004600411255680451,5,0.4062221954065496,0.017638162397553066,5,xgb,0.3301326552043708,0.4062221954065496,xgb,moderate,moderate,0.07608954020217878,True,False
clr_total_mg_l_po4,CLR,0.36732867182865475,0.021344611414939024,5,0.40491681266844404,0.0188567017462668,5,xgb,0.36732867182865475,0.40491681266844404,xgb,moderate,moderate,0.037588140839789286,False,False
log_digest_mg_kg_p_1774,log1p,0.3814804713539106,0.012713252318077265,5,0.3933693477001113,0.007550879202197767,5,tie,0.3106858317880451,0.4487838580858566,xgb,moderate,moderate,0.011888876346200672,False,True
clr_total_mg_l_k,CLR,0.230629045476217,0.02129017159166719,5,0.3829874347833508,0.0063985108367637725,5,xgb,0.230629045476217,0.3829874347833508,xgb,weak,moderate,0.1523583893071338,False,False
c_n_ratio,native units,0.3051344676402973,0.01802676739190462,5,0.38276220356638174,0.007378605390930335,5,xgb,0.3051344676402973,0.38276220356638174,xgb,moderate,moderate,0.07762773592608446,False,False
digest_mg_kg_ti3349,native units,0.40366073331780983,0.0070358548265710506,5,0.34653968360764337,0.02525268090871039,5,rf,0.40366073331780983,0.34653968360764337,rf,moderate,moderate,-0.05712104971016646,True,False
digest_mg_kg_ca3158,natural log,0.25586124067183724,0.012231000883950927,5,0.3381943913584704,0.021980338666600298,5,xgb,0.11126135195260803,0.21260911888582318,xgb,weak,moderate,0.08233315068663316,True,False
log_digest_mg_kg_mo2020,log1p,0.22570116296212409,0.021787625783666272,5,0.33558481205672874,0.009219252782071462,5,xgb,0.3464286376825759,0.398323628881572,xgb,weak,moderate,0.10988364909460466,False,False
d13c_vpdb_permil,native units,0.3560934969876276,0.006345428520021365,5,0.3353472047856996,0.019928135330962788,5,rf,0.3560934969876276,0.3353472047856996,rf,moderate,moderate,-0.020746292201927974,True,False
wt_percent_c,native units,0.2747620905390225,0.005689696713101477,5,0.3321551197303111,0.0059625787016862695,5,xgb,0.2747620905390225,0.3321551197303111,xgb,weak,moderate,0.05739302919128858,True,False
clr_hr_1_mg_l_po4,CLR,0.2783015152303022,0.012008075306442765,5,0.32380340998684193,0.020538743789647238,5,xgb,0.2783015152303022,0.32380340998684193,xgb,weak,moderate,0.04550189475653971,True,False
digest_mg_kg_al3082,native units,0.16383072166817803,0.00828006369068213,5,0.3005162721673783,0.011290940340491525,5,xgb,0.16383072166817803,0.3005162721673783,xgb,weak,moderate,0.13668555049920028,True,False
log_cec_meq_100g,log1p,0.17906683303134543,0.01759200110203368,5,0.2881944606992202,0.01372574906296971,5,xgb,0.09582797622307686,0.1924241479421115,xgb,weak,weak,0.10912762766787479,False,False
clr_hr_24_mg_l_po4,CLR,0.2534520420722307,0.015986317446489106,5,0.28804564694209134,0.014629866897484951,5,xgb,0.2534520420722307,0.28804564694209134,xgb,weak,weak,0.03459360486986063,False,False
ph_mq,native units,0.29895762801831716,0.01024781938190316,5,0.2852324387285448,0.00798189575009164,5,tie,0.29895762801831716,0.2852324387285448,tie,weak,weak,-0.013725189289772344,False,False
digest_mg_kg_co2286,native units,0.2618557329815713,0.007310792356136823,5,0.2573715769588897,0.011471978378344955,5,tie,0.2618557329815713,0.2573715769588897,tie,weak,weak,-0.004484156022681596,True,True
clr_total_mg_l_ca2,CLR,0.2449122198711576,0.0173806648194633,5,0.2563284088641265,0.01801476752196711,5,tie,0.2449122198711576,0.2563284088641265,tie,weak,weak,0.011416188992968895,True,True
digest_mg_kg_fe2599,native units,0.20168537072678702,0.0083390775456161,5,0.2508480411662101,0.008159737814791396,5,xgb,0.20168537072678702,0.2508480411662101,xgb,weak,weak,0.0491626704394231,False,False
ph_kcl,native units,0.24980446443744714,0.008743024243262464,5,0.24353294325548225,0.010050014370320336,5,tie,0.24980446443744714,0.24353294325548225,tie,weak,weak,-0.00627152118196489,True,True
hr_24_mg_l_cl,natural log,0.1747086426818593,0.021442924513527955,5,0.2272888508673772,0.025670546409008652,5,xgb,0.015787938473259856,0.0976525431214162,xgb,weak,weak,0.052580208185517924,True,False
clr_hr_1_mg_l_no3,CLR,0.1647102096287539,0.007509289780624012,5,0.2182343806546892,0.007320488147704455,5,xgb,0.1647102096287539,0.2182343806546892,xgb,weak,weak,0.05352417102593529,False,False
clr_total_mg_l_no3,CLR,0.1624777044520022,0.009084769693466747,5,0.21269220313900786,0.02694524173653716,5,xgb,0.1624777044520022,0.21269220313900786,xgb,weak,weak,0.05021449868700567,True,False
total_mg_l_mg2,natural log,0.09418703327899632,0.0105206607731882,5,0.20896121079333146,0.01628169088766006,5,xgb,-0.08866870893676686,-0.045039189902527,xgb,weak,weak,0.11477417751433515,True,False
hr_1_mg_l_so4,natural log,0.14406656923095554,0.006621953785376826,5,0.19850428357480351,0.026184694350987664,5,xgb,-0.12100829933368358,-0.07758520105917754,xgb,weak,weak,0.054437714343847976,True,False
total_mg_l_so4,natural log,0.13980209767500956,0.014780992892473218,5,0.19324404156458805,0.04180782300840802,5,xgb,-0.14478852234681297,-0.1267423653188718,tie,weak,weak,0.053441943889578486,True,False
clr_total_mg_l_sr2,CLR,0.1541078192494368,0.00858918393295496,5,0.18966521591246763,0.013630275312773268,5,xgb,0.1541078192494368,0.18966521591246763,xgb,weak,weak,0.035557396663030816,True,False
log_digest_mg_kg_pb2203,log1p,0.1960491361075481,0.014742063137136455,5,0.18353493463234985,0.010181753554387744,5,tie,-0.046302944129794986,-0.04582915101635483,tie,weak,weak,-0.012514201475198244,False,True
total_mg_l_ca2,natural log,0.1014441294451438,0.012705319415672121,5,0.17436376553711536,0.018944994048791353,5,xgb,-0.15600183711515497,-0.17821864784197014,rf,weak,weak,0.07291963609197155,True,False
hr_1_mg_l_cl,natural log,0.14027882793557203,0.01764877039294603,5,0.16683198408356295,0.0125841046011388,5,xgb,-0.10432238191584257,-0.07229889936398784,xgb,weak,weak,0.02655315614799092,False,False
clr_total_mg_l_na,CLR,0.1339076696000149,0.014176743655685164,5,0.15250731472718487,0.019441657595600532,5,tie,0.1339076696000149,0.15250731472718487,tie,weak,weak,0.018599645127169967,True,True
total_mg_l_cl,natural log,0.14384834130755336,0.01995085089424086,5,0.1363195687212781,0.022076540313485743,5,tie,-0.07984369421440021,-0.06427307808386953,tie,weak,weak,-0.0075287725862752675,True,True
clr_hr_24_mg_l_so4,CLR,0.12706404961944076,0.018284707370978027,5,0.13102181933624799,0.019249569028316888,5,tie,0.12706404961944076,0.13102181933624799,tie,weak,weak,0.0039577697168072246,True,True
digest_mg_kg_mn2576,native units,0.10528976218027411,0.006476159849555851,5,0.13014946409439743,0.00831384713646039,5,xgb,0.10528976218027411,0.13014946409439743,xgb,weak,weak,0.024859701914123317,True,False
digest_mg_kg_ba4554,native units,0.07939810789275334,0.02649172337083108,5,0.1301111044023999,0.021546927428749852,5,xgb,0.07939810789275334,0.1301111044023999,xgb,weak,weak,0.05071299650964656,False,False
clr_hr_24_mg_l_cl,CLR,0.1043377851886776,0.008776222619484,5,0.1216475128908506,0.0066350940766125785,5,tie,0.1043377851886776,0.1216475128908506,tie,weak,weak,0.017309727702172997,False,False
digest_mg_kg_v_2924,native units,0.12903458678079963,0.010255171844356818,5,0.12141216828373969,0.013560163466038121,5,tie,0.12903458678079963,0.12141216828373969,tie,weak,weak,-0.007622418497059941,True,True
clr_total_mg_l_cl,CLR,0.09239093888372549,0.004710500894721731,5,0.11462490247805787,0.008144778866675034,5,xgb,0.09239093888372549,0.11462490247805787,xgb,weak,weak,0.022233963594332384,True,False
digest_mg_kg_si2516,native units,0.08703236967787283,0.023293605673841523,5,0.11272441077289805,0.015692911026281325,5,xgb,0.08703236967787283,0.11272441077289805,xgb,weak,weak,0.025692041095025223,False,False
ph_cacl2,native units,0.09818815490781636,0.01978895921990662,5,0.1096361640670728,0.010512511267022944,5,tie,0.09818815490781636,0.1096361640670728,tie,weak,weak,0.011448009159256436,False,True
digest_mg_kg_be3130,native units,0.09867251269235981,0.014922815571481134,5,0.10239490670717144,0.017037614800208697,5,tie,0.09867251269235981,0.10239490670717144,tie,weak,weak,0.003722394014811628,True,True
digest_mg_kg_cu3247,native units,-0.030279951073340472,0.017391128107865972,5,0.09941073537937402,0.02037828341067302,5,xgb,-0.030279951073340472,0.09941073537937402,xgb,unusable,weak,0.12969068645271448,True,False
clr_hr_1_mg_l_so4,CLR,0.056323266697457575,0.020829859828125873,5,0.09255482310743093,0.0068173888822415235,5,xgb,0.056323266697457575,0.09255482310743093,xgb,weak,weak,0.03623155640997336,False,False
log_digest_mg_kg_li6707,log1p,0.05861112985454857,0.0190084042891343,5,0.08115774024113856,0.008646468447568808,5,xgb,0.2568479732978696,0.1901494074776816,rf,weak,weak,0.02254661038658999,False,False
clr_total_mg_l_so4,CLR,0.05934835565595169,0.006209945766471545,5,0.062308777465141275,0.006796035641726966,5,tie,0.05934835565595169,0.062308777465141275,tie,weak,weak,0.002960421809189588,True,True
digest_mg_kg_zn2138,native units,0.06707579525261972,0.01358717314143955,5,0.05630018488256834,0.017014693753000944,5,tie,0.06707579525261972,0.05630018488256834,tie,weak,weak,-0.010775610370051383,True,True
clr_hr_1_mg_l_cl,CLR,0.03539991926327739,0.014220142999291252,5,0.055786656456599235,0.004134802793764054,5,xgb,0.03539991926327739,0.055786656456599235,xgb,weak,weak,0.020386737193321847,False,False
clr_hr_24_mg_l_f,CLR,0.013635186275151145,0.00402015887577512,5,0.05335813761124595,0.005651902990170284,5,xgb,0.013635186275151145,0.05335813761124595,xgb,weak,weak,0.039722951336094804,True,False
log_digest_mg_kg_sb2068,log1p,0.02765753695786728,0.005811173556599135,5,0.029148733078450582,0.007713305920400299,5,tie,0.02932995454701557,0.021686720840302674,tie,weak,weak,0.001491196120583304,True,True
clr_hr_24_mg_l_no3,CLR,0.007031525200389521,0.010363897671327458,5,0.014829208869599996,0.007425993194535725,5,tie,0.007031525200389521,0.014829208869599996,tie,weak,weak,0.007797683669210475,False,True
clr_total_mg_l_f,CLR,-0.0025293536743945743,0.007051176837571634,5,0.005388428184350302,0.006899851051296705,5,tie,-0.0025293536743945743,0.005388428184350302,tie,unusable,weak,0.007917781858744876,False,False
hr_24_mg_l_so4,native units / natural log,-0.032598132492731004,0.011472675750101136,5,0.0034195483750196097,0.004234769844754075,5,xgb,-0.06527685802125535,-0.014393398419441405,xgb,unusable,weak,0.03601768086775061,False,False
clr_hr_1_mg_l_f,CLR,-0.02595547957768467,0.012665738024101812,5,-0.0031855248122487413,0.005641234036834405,5,xgb,-0.02595547957768467,-0.0031855248122487413,xgb,unusable,unusable,0.02276995476543593,False,False
digest_mg_kg_b_2496,native units,-0.06387792228948008,0.006331484770502276,5,-0.006038528736459381,0.004977269979694608,5,xgb,-0.06387792228948008,-0.006038528736459381,xgb,unusable,unusable,0.0578393935530207,False,False
log_digest_mg_kg_tl1908,log1p,-0.028474204075130148,0.003968194305689441,5,-0.011208721750614404,2.9898120170255732e-05,5,tie,-0.020119519481957893,-0.010163798895531252,tie,unusable,unusable,0.017265482324515746,False,False
log_digest_mg_kg_sn1899,log1p,-0.08278918903234893,0.009457939137555606,5,-0.01766286131716841,0.0009597944568590356,5,xgb,-0.047175701191582806,-0.012282112976375891,xgb,unusable,unusable,0.06512632771518051,False,False
digest_mg_kg_as1890,native units,-0.09391522095135593,0.011537561787242592,5,-0.02758901733145409,0.0063256840689821835,5,xgb,-0.09391522095135593,-0.02758901733145409,xgb,unusable,unusable,0.06632620361990184,False,False
log_digest_mg_kg_hg1849,log1p,-0.11485518041544798,0.015112190621475854,5,-0.029746613020762515,0.009338116905172571,5,xgb,-0.04121879147601355,-0.05268888818130639,tie,unusable,unusable,0.08510856739468547,False,False
ec_us_cm,native units,-0.22547636725725534,0.018759289035622833,5,-0.033785289794840655,0.003804104604498862,5,xgb,-0.22547636725725534,-0.033785289794840655,xgb,unusable,unusable,0.19169107746241468,False,False
clr_total_mg_l_mg2,CLR,-0.15910989881530901,0.015257361765064517,5,-0.054030187543960204,0.013317139651030228,5,xgb,-0.15910989881530901,-0.054030187543960204,xgb,unusable,unusable,0.10507971127134881,False,False
