model,property,n_seeds,scored_in,transform_flipped_across_seeds,r2_reported_mean,r2_reported_sd,r2_native_mean,r2_native_sd,rmse_native_mean,mae_native_mean,r2_min_seed,r2_max_seed,n_tiers_seen,tiers_seen,tier_reported_basis,tier_native_basis,scored_in_native_units,r2_drop_native,positive_reported_negative_native
rf,d15n_air_permil,5,native units,False,0.664640637794581,0.015417006855757765,0.664640637794581,0.015417006855757765,6.170726728790328,4.589716676159393,0.6422639155942813,0.6816008925479542,1,strong,strong,strong,True,0.0,False
rf,digest_mg_kg_ni2316,5,native units,False,0.4414819177118236,0.025797356204841818,0.4414819177118236,0.025797356204841818,19.722009827848346,10.814464453850062,0.41104247278083306,0.47885791375710784,1,moderate,moderate,moderate,True,0.0,False
rf,digest_mg_kg_mg2852,5,native units,False,0.4364366168857264,0.012694296030159688,0.4364366168857264,0.012694296030159688,5125.875407837075,3285.341833313926,0.42021105541683357,0.44865722915232487,1,moderate,moderate,moderate,True,0.0,False
rf,digest_mg_kg_ti3349,5,native units,False,0.40366073331780983,0.0070358548265710506,0.40366073331780983,0.0070358548265710506,497.0981223286746,369.73667630181546,0.3927719731267745,0.41134703946806084,1,moderate,moderate,moderate,True,0.0,False
rf,digest_mg_kg_na5895,5,native units / natural log,True,0.39383930932702427,0.022059260385954994,0.40451231452977254,0.020417322560214883,2424.899084514384,1449.9998024185402,0.3698794556066366,0.42932114370600905,1,moderate,moderate,moderate,False,-0.010673005202748276,False
rf,wt_percent_n,5,native units,False,0.3894563781401568,0.012040275799595747,0.3894563781401568,0.012040275799595747,0.07283361428749528,0.04193989162254879,0.37796646971510517,0.40793943757743556,1,moderate,moderate,moderate,True,0.0,False
rf,log_digest_mg_kg_p_1774,5,log1p,False,0.3814804713539106,0.012713252318077265,0.3106858317880451,0.027118394545960947,1725.1949810175297,611.0623467626037,0.3674833083117246,0.3941978995486489,1,moderate,moderate,moderate,False,0.07079463956586551,False
rf,digest_mg_kg_k_7664,5,native units,False,0.37389041766333575,0.010251835322975777,0.37389041766333575,0.010251835322975777,2303.222420126961,1601.0384327275692,0.357507746150164,0.384075011191098,1,moderate,moderate,moderate,True,0.0,False
rf,log_digest_mg_kg_sr4077,5,log1p,False,0.37366609198244327,0.02060443092370544,0.279383910024376,0.01737355066437449,57.56702684568313,33.8480746092719,0.3469387784285367,0.39381050764797,1,moderate,moderate,weak,False,0.09428218195806726,False
rf,clr_total_mg_l_po4,5,CLR,False,0.36732867182865475,0.021344611414939024,0.36732867182865475,0.021344611414939024,1.4575642928485475,1.1035332661424757,0.3376606390659137,0.39276309410170773,1,moderate,moderate,moderate,False,0.0,False
rf,d13c_vpdb_permil,5,native units,False,0.3560934969876276,0.006345428520021365,0.3560934969876276,0.006345428520021365,8.615867657230805,6.382179196754512,0.35065955692540685,0.366083961848199,1,moderate,moderate,moderate,True,0.0,False
rf,digest_mg_kg_cr2835,5,native units,False,0.3301326552043708,0.004600411255680451,0.3301326552043708,0.004600411255680451,10.960361200385467,8.063484323537052,0.324753648753933,0.3346912721134363,1,moderate,moderate,moderate,True,0.0,False
rf,c_n_ratio,5,native units,False,0.3051344676402973,0.01802676739190462,0.3051344676402973,0.01802676739190462,12.099630876339202,7.181074265543989,0.28022675270926023,0.31987237245845657,2,"moderate, weak",moderate,moderate,True,0.0,False
rf,ph_mq,5,native units,False,0.29895762801831716,0.01024781938190316,0.29895762801831716,0.01024781938190316,1.0103662818619246,0.7667458110289409,0.2900140288092524,0.3160438809384464,2,"moderate, weak",weak,weak,True,0.0,False
rf,total_mg_l_na,5,natural log,False,0.29021261277155214,0.03021326143529978,-0.05645785059881159,0.005868825751256069,1742.5032601668725,538.5182327921373,0.2538749064671283,0.3341556498303211,2,"moderate, weak",weak,unusable,False,0.3466704633703637,True
rf,clr_hr_1_mg_l_po4,5,CLR,False,0.2783015152303022,0.012008075306442765,0.2783015152303022,0.012008075306442765,1.4996866345175008,1.1551769107288268,0.2643800797845334,0.29344988491593726,1,weak,weak,weak,False,0.0,False
rf,wt_percent_c,5,native units,False,0.2747620905390225,0.005689696713101477,0.2747620905390225,0.005689696713101477,0.4488253822469945,0.22754787844303048,0.26898165693062537,0.2820614886766999,1,weak,weak,weak,True,0.0,False
rf,digest_mg_kg_co2286,5,native units,False,0.2618557329815713,0.007310792356136823,0.2618557329815713,0.007310792356136823,4.8018507448451775,3.1664172111877797,0.2521879315023676,0.2721346566253342,1,weak,weak,weak,True,0.0,False
rf,digest_mg_kg_ca3158,5,natural log,False,0.25586124067183724,0.012231000883950927,0.11126135195260803,0.00929496779701443,8870.612262322322,5395.239713696606,0.24561714827467096,0.2740211622262534,1,weak,weak,weak,False,0.1445998887192292,False
rf,clr_hr_24_mg_l_po4,5,CLR,False,0.2534520420722307,0.015986317446489106,0.2534520420722307,0.015986317446489106,1.2053671313458239,0.8651087180830187,0.23119093360280174,0.2674941072344139,1,weak,weak,weak,False,0.0,False
rf,ph_kcl,5,native units,False,0.24980446443744714,0.008743024243262464,0.24980446443744714,0.008743024243262464,1.0439197441532841,0.856729315839187,0.24080861072530146,0.26311196646201496,1,weak,weak,weak,True,0.0,False
rf,clr_total_mg_l_ca2,5,CLR,False,0.2449122198711576,0.0173806648194633,0.2449122198711576,0.0173806648194633,1.0511078020333586,0.8635271665945545,0.2252490218672043,0.2701354828259933,1,weak,weak,weak,False,0.0,False
rf,clr_total_mg_l_k,5,CLR,False,0.230629045476217,0.02129017159166719,0.230629045476217,0.02129017159166719,1.1467461287222949,0.8655019634074959,0.20650576469854443,0.2568973712620102,1,weak,weak,weak,False,0.0,False
rf,log_digest_mg_kg_mo2020,5,log1p,False,0.22570116296212409,0.021787625783666272,0.3464286376825759,0.02943020489866987,0.42350655741959675,0.2992134762319175,0.20619326667583082,0.2631551297771154,1,weak,weak,moderate,False,-0.12072747472045184,False
rf,digest_mg_kg_fe2599,5,native units,False,0.20168537072678702,0.0083390775456161,0.20168537072678702,0.0083390775456161,6600.9932725978415,5163.454628320653,0.19362312855171726,0.21080197784557408,1,weak,weak,weak,True,0.0,False
rf,log_digest_mg_kg_pb2203,5,log1p,False,0.1960491361075481,0.014742063137136455,-0.046302944129794986,0.005018259264355341,14.770671587082983,5.489700681944168,0.17591479424228496,0.21688216874957555,1,weak,weak,unusable,False,0.2423520802373431,True
rf,log_cec_meq_100g,5,log1p,False,0.17906683303134543,0.01759200110203368,0.09582797622307686,0.020233501812017208,3.0247879549153276,2.155168777520556,0.15871881744451344,0.20556582605153684,1,weak,weak,weak,False,0.08323885680826858,False
rf,hr_24_mg_l_cl,5,natural log,False,0.1747086426818593,0.021442924513527955,0.015787938473259856,0.012633710061636803,72.03130526615303,40.72533716872242,0.151874496321181,0.20782073356567776,1,weak,weak,weak,False,0.15892070420859944,False
rf,clr_hr_1_mg_l_no3,5,CLR,False,0.1647102096287539,0.007509289780624012,0.1647102096287539,0.007509289780624012,1.5536974438466222,1.158886065502869,0.15497366793194234,0.17329263228594527,1,weak,weak,weak,False,0.0,False
rf,digest_mg_kg_al3082,5,native units,False,0.16383072166817803,0.00828006369068213,0.16383072166817803,0.00828006369068213,5909.675676301058,4570.219148060393,0.15300684008403898,0.17297835388331095,1,weak,weak,weak,True,0.0,False
rf,clr_total_mg_l_no3,5,CLR,False,0.1624777044520022,0.009084769693466747,0.1624777044520022,0.009084769693466747,1.4780233135425085,1.0993209298013356,0.15197483132956835,0.17068999813696106,1,weak,weak,weak,False,0.0,False
rf,clr_total_mg_l_sr2,5,CLR,False,0.1541078192494368,0.00858918393295496,0.1541078192494368,0.00858918393295496,1.3084615209140094,0.8900955552928099,0.14022463497106818,0.16185735550903713,1,weak,weak,weak,False,0.0,False
rf,hr_1_mg_l_so4,5,natural log,False,0.14406656923095554,0.006621953785376826,-0.12100829933368358,0.002171536564927953,3101.6742276241193,1176.2200270459246,0.13850898127879552,0.15363033766049083,1,weak,weak,unusable,False,0.26507486856463913,True
rf,total_mg_l_cl,5,natural log,False,0.14384834130755336,0.01995085089424086,-0.07984369421440021,0.016899911734838326,753.0594417959112,300.3377601302233,0.11974068196181797,0.1692282592810308,1,weak,weak,unusable,False,0.22369203552195357,True
rf,hr_1_mg_l_cl,5,natural log,False,0.14027882793557203,0.01764877039294603,-0.10432238191584257,0.013282896321656827,705.3827196740543,272.01514701562974,0.1220935269907516,0.16978331625777243,1,weak,weak,unusable,False,0.2446012098514146,True
rf,total_mg_l_so4,5,natural log,False,0.13980209767500956,0.014780992892473218,-0.14478852234681297,0.0044502844376670065,4487.473563183531,1823.405695501875,0.116124176400627,0.15335287086164162,1,weak,weak,unusable,False,0.28459062002182256,True
rf,clr_total_mg_l_na,5,CLR,False,0.1339076696000149,0.014176743655685164,0.1339076696000149,0.014176743655685164,0.8084287284346056,0.6231085379041176,0.1223523620457021,0.15804020886420334,1,weak,weak,weak,False,0.0,False
rf,digest_mg_kg_v_2924,5,native units,False,0.12903458678079963,0.010255171844356818,0.12903458678079963,0.010255171844356818,18.8629989499551,12.517391634686165,0.12079118949414103,0.1440758795493955,1,weak,weak,weak,True,0.0,False
rf,clr_hr_24_mg_l_so4,5,CLR,False,0.12706404961944076,0.018284707370978027,0.12706404961944076,0.018284707370978027,1.2116022002470785,0.8606899740447881,0.10695917313023628,0.14756272005145865,1,weak,weak,weak,False,0.0,False
rf,digest_mg_kg_mn2576,5,native units,False,0.10528976218027411,0.006476159849555851,0.10528976218027411,0.006476159849555851,223.20513952277616,126.1327374730939,0.09801165949882151,0.11536498428162167,1,weak,weak,weak,True,0.0,False
rf,clr_hr_24_mg_l_cl,5,CLR,False,0.1043377851886776,0.008776222619484,0.1043377851886776,0.008776222619484,1.0833105371064602,0.8436056557638185,0.094742423432161,0.11691913821641253,1,weak,weak,weak,False,0.0,False
rf,total_mg_l_ca2,5,natural log,False,0.1014441294451438,0.012705319415672121,-0.15600183711515497,0.01613251286536983,1763.3120464029482,734.8466774623232,0.08190118095512833,0.11067960624373507,1,weak,weak,unusable,False,0.2574459665602988,True
rf,digest_mg_kg_be3130,5,native units,False,0.09867251269235981,0.014922815571481134,0.09867251269235981,0.014922815571481134,0.8109018502756674,0.5092377721511113,0.08107758365475082,0.12220345567255009,1,weak,weak,weak,True,0.0,False
rf,ph_cacl2,5,native units,False,0.09818815490781636,0.01978895921990662,0.09818815490781636,0.01978895921990662,0.9976780198196231,0.8249887132040843,0.0654608124763203,0.1149637205945051,1,weak,weak,weak,True,0.0,False
rf,total_mg_l_mg2,5,natural log,False,0.09418703327899632,0.0105206607731882,-0.08866870893676686,0.0010339147851887555,507.8615178287707,161.17691775922168,0.08412628816376566,0.10783053041531443,1,weak,weak,unusable,False,0.18285574221576317,True
rf,clr_total_mg_l_cl,5,CLR,False,0.09239093888372549,0.004710500894721731,0.09239093888372549,0.004710500894721731,1.3850670970244874,1.1176598346670612,0.08752532100599142,0.09980601521138877,1,weak,weak,weak,False,0.0,False
rf,digest_mg_kg_si2516,5,native units,False,0.08703236967787283,0.023293605673841523,0.08703236967787283,0.023293605673841523,200.84479217475103,123.97922987424958,0.05506653012840146,0.1180490786971542,1,weak,weak,weak,True,0.0,False
rf,digest_mg_kg_ba4554,5,native units,False,0.07939810789275334,0.02649172337083108,0.07939810789275334,0.02649172337083108,29.110483560372575,22.423678864842763,0.03630755126906815,0.10271296652213313,1,weak,weak,weak,True,0.0,False
rf,digest_mg_kg_zn2138,5,native units,False,0.06707579525261972,0.01358717314143955,0.06707579525261972,0.01358717314143955,31.98186368422166,19.352048754846326,0.04766492672811762,0.08304427400154235,1,weak,weak,weak,True,0.0,False
rf,clr_total_mg_l_so4,5,CLR,False,0.05934835565595169,0.006209945766471545,0.05934835565595169,0.006209945766471545,0.993064935568172,0.7248653528767489,0.05141376579965096,0.06841963396590511,1,weak,weak,weak,False,0.0,False
rf,log_digest_mg_kg_li6707,5,log1p,False,0.05861112985454857,0.0190084042891343,0.2568479732978696,0.017135672381746184,9.452980646772028,7.263617969504961,0.041216541926134886,0.08249785680251476,1,weak,weak,weak,False,-0.19823684344332104,False
rf,clr_hr_1_mg_l_so4,5,CLR,False,0.056323266697457575,0.020829859828125873,0.056323266697457575,0.020829859828125873,1.2584883472261565,0.9238074427786008,0.04210436478325208,0.09292627199849746,1,weak,weak,weak,False,0.0,False
rf,clr_hr_1_mg_l_cl,5,CLR,False,0.03539991926327739,0.014220142999291252,0.03539991926327739,0.014220142999291252,1.3360991500821497,1.110909300412797,0.01774315883485922,0.056946370180955275,1,weak,weak,weak,False,0.0,False
rf,log_digest_mg_kg_sb2068,5,log1p,False,0.02765753695786728,0.005811173556599135,0.02932995454701557,0.0039289284573860465,0.6416828732684008,0.31849270586425016,0.02098154243533401,0.035303063656418665,1,weak,weak,weak,False,-0.0016724175891482916,False
rf,clr_hr_24_mg_l_f,5,CLR,False,0.013635186275151145,0.00402015887577512,0.013635186275151145,0.00402015887577512,1.1749713583509993,0.8823560426007541,0.007301407775943902,0.01750136585200368,1,weak,weak,weak,False,0.0,False
rf,clr_hr_24_mg_l_no3,5,CLR,False,0.007031525200389521,0.010363897671327458,0.007031525200389521,0.010363897671327458,1.0933466023634957,0.745695549204115,-0.0024782391186031205,0.023573354065278274,2,"weak, unusable",weak,weak,False,0.0,False
rf,clr_total_mg_l_f,5,CLR,False,-0.0025293536743945743,0.007051176837571634,-0.0025293536743945743,0.007051176837571634,1.3900582498167124,1.0875319116586706,-0.014577587999909492,0.003202082056503852,2,"unusable, weak",unusable,unusable,False,0.0,False
rf,clr_hr_1_mg_l_f,5,CLR,False,-0.02595547957768467,0.012665738024101812,-0.02595547957768467,0.012665738024101812,1.4221513213253716,1.009460859732507,-0.04608644321160571,-0.016053027470593895,1,unusable,unusable,unusable,False,0.0,False
rf,log_digest_mg_kg_tl1908,5,log1p,False,-0.028474204075130148,0.003968194305689441,-0.020119519481957893,0.0030526914956356187,0.3473037085413877,0.07378674943422459,-0.03411257124103395,-0.023837290311687465,1,unusable,unusable,unusable,False,-0.008354684593172255,False
rf,digest_mg_kg_cu3247,5,native units,False,-0.030279951073340472,0.017391128107865972,-0.030279951073340472,0.017391128107865972,13.44546667483885,10.753167672985153,-0.058248725727335415,-0.013730500342131524,1,unusable,unusable,unusable,True,0.0,False
rf,hr_24_mg_l_so4,5,native units / natural log,True,-0.032598132492731004,0.011472675750101136,-0.06527685802125535,0.02846288386819927,1959.1121542237847,743.8097328745305,-0.04796097865726745,-0.01577805762521267,1,unusable,unusable,unusable,False,0.03267872552852435,False
rf,digest_mg_kg_b_2496,5,native units,False,-0.06387792228948008,0.006331484770502276,-0.06387792228948008,0.006331484770502276,20.895720623233924,11.519648060471908,-0.07342826250735812,-0.05789068448508594,1,unusable,unusable,unusable,True,0.0,False
rf,log_digest_mg_kg_sn1899,5,log1p,False,-0.08278918903234893,0.009457939137555606,-0.047175701191582806,0.004773651568169642,0.25640600533560015,0.06298448821112616,-0.09459044325925281,-0.07166368354838526,1,unusable,unusable,unusable,False,-0.03561348784076612,False
rf,digest_mg_kg_as1890,5,native units,False,-0.09391522095135593,0.011537561787242592,-0.09391522095135593,0.011537561787242592,2.610636949239163,1.5919731230817906,-0.10738521477343244,-0.08192835582907376,1,unusable,unusable,unusable,True,0.0,False
rf,log_digest_mg_kg_hg1849,5,log1p,False,-0.11485518041544798,0.015112190621475854,-0.04121879147601355,0.002330992946178487,69.75297318382096,22.893080993669326,-0.1314695665586283,-0.09704263866038443,1,unusable,unusable,unusable,False,-0.07363638893943443,False
rf,clr_total_mg_l_mg2,5,CLR,False,-0.15910989881530901,0.015257361765064517,-0.15910989881530901,0.015257361765064517,0.8807260964829127,0.6559852116002926,-0.17414077149289398,-0.134786250517263,1,unusable,unusable,unusable,False,0.0,False
rf,ec_us_cm,5,native units,False,-0.22547636725725534,0.018759289035622833,-0.22547636725725534,0.018759289035622833,5431.686736128504,3726.4365079791305,-0.24997869218917423,-0.2045062793057968,1,unusable,unusable,unusable,True,0.0,False
xgb,d15n_air_permil,5,native units,False,0.6597016931401237,0.007456135153292667,0.6597016931401237,0.007456135153292667,6.217007213707533,4.7446585324946025,0.6486159117648087,0.6663007614168784,1,strong,strong,strong,True,0.0,False
xgb,wt_percent_n,5,native units,False,0.491057998830021,0.011776325036076769,0.491057998830021,0.011776325036076769,0.06649686551409581,0.038950912174904886,0.481525952220207,0.5099430230797785,2,"strong, moderate",moderate,moderate,True,0.0,False
xgb,total_mg_l_na,5,natural log,False,0.4676471965487646,0.00957889019425843,-0.004621516841146489,0.015516464917613382,1699.18112040079,505.2924384120195,0.4569925440224889,0.4778557841305413,1,moderate,moderate,unusable,False,0.47226871338991105,True
xgb,digest_mg_kg_k_7664,5,native units,False,0.45913865794892245,0.023134431520094388,0.45913865794892245,0.023134431520094388,2140.3538914497612,1481.5514823083709,0.4363885747885651,0.48653573344384593,1,moderate,moderate,moderate,True,0.0,False
xgb,log_digest_mg_kg_sr4077,5,log1p,False,0.42552886887532315,0.01868259898937963,0.38156810163386984,0.034673595793062,53.3162017265519,33.148669155813984,0.40851325086343804,0.4533624850933381,1,moderate,moderate,moderate,False,0.043960767241453313,False
xgb,digest_mg_kg_na5895,5,native units / natural log,True,0.42274309479361394,0.025321592838263983,0.4536168364838325,0.03610122027292309,2322.0415094549726,1370.8124980473053,0.40143624730561567,0.4616773709559625,1,moderate,moderate,moderate,False,-0.03087374169021856,False
xgb,digest_mg_kg_mg2852,5,native units,False,0.4213704588381245,0.01378888599901798,0.4213704588381245,0.01378888599901798,5193.90679026718,3254.6513682668583,0.4059649372390408,0.4414505906876498,1,moderate,moderate,moderate,True,0.0,False
xgb,digest_mg_kg_ni2316,5,native units,False,0.4140837886389884,0.030416768801878807,0.4140837886389884,0.030416768801878807,20.198820872833473,11.64255393173402,0.37554334514738763,0.4570811759634039,1,moderate,moderate,moderate,True,0.0,False
xgb,digest_mg_kg_cr2835,5,native units,False,0.4062221954065496,0.017638162397553066,0.4062221954065496,0.017638162397553066,10.318248727796407,7.574441547851118,0.38900588388750124,0.4255445532458365,1,moderate,moderate,moderate,True,0.0,False
xgb,clr_total_mg_l_po4,5,CLR,False,0.40491681266844404,0.0188567017462668,0.40491681266844404,0.0188567017462668,1.4136197009410136,1.0818366656463563,0.3879356332709859,0.43569475292134574,1,moderate,moderate,moderate,False,0.0,False
xgb,log_digest_mg_kg_p_1774,5,log1p,False,0.3933693477001113,0.007550879202197767,0.4487838580858566,0.05853351544796594,1541.2497209506696,590.5032341207257,0.3834943318753974,0.40423877346864223,1,moderate,moderate,moderate,False,-0.0554145103857453,False
xgb,clr_total_mg_l_k,5,CLR,False,0.3829874347833508,0.0063985108367637725,0.3829874347833508,0.0063985108367637725,1.0270109917802288,0.7516614212757717,0.3730022142956061,0.38869925387997173,1,moderate,moderate,moderate,False,0.0,False
xgb,c_n_ratio,5,native units,False,0.38276220356638174,0.007378605390930335,0.38276220356638174,0.007378605390930335,11.40435822218193,6.351055916680318,0.3722920571871666,0.39117788579477375,1,moderate,moderate,moderate,True,0.0,False
xgb,digest_mg_kg_ti3349,5,native units,False,0.34653968360764337,0.02525268090871039,0.34653968360764337,0.02525268090871039,520.289885743186,374.51813458359027,0.3168484939169286,0.3867007021324709,1,moderate,moderate,moderate,True,0.0,False
xgb,digest_mg_kg_ca3158,5,natural log,False,0.3381943913584704,0.021980338666600298,0.21260911888582318,0.03335352382930127,8348.10353194635,5298.232615478454,0.3119947582143101,0.358043084646955,1,moderate,moderate,weak,False,0.12558527247264722,False
xgb,log_digest_mg_kg_mo2020,5,log1p,False,0.33558481205672874,0.009219252782071462,0.398323628881572,0.03702330958782512,0.4062746303205905,0.29039671201550304,0.3232527897450326,0.3474189113393338,1,moderate,moderate,moderate,False,-0.06273881682484328,False
xgb,d13c_vpdb_permil,5,native units,False,0.3353472047856996,0.019928135330962788,0.3353472047856996,0.019928135330962788,8.752854681467948,6.365573520576746,0.31664961827168703,0.367872871449318,1,moderate,moderate,moderate,True,0.0,False
xgb,wt_percent_c,5,native units,False,0.3321551197303111,0.0059625787016862695,0.3321551197303111,0.0059625787016862695,0.430699307259219,0.22707857296936082,0.32539077996822474,0.3394476022191696,1,moderate,moderate,moderate,True,0.0,False
xgb,clr_hr_1_mg_l_po4,5,CLR,False,0.32380340998684193,0.020538743789647238,0.32380340998684193,0.020538743789647238,1.4515468654425203,1.0940805231186999,0.2956678768702038,0.35202988485524,2,"weak, moderate",moderate,moderate,False,0.0,False
xgb,digest_mg_kg_al3082,5,native units,False,0.3005162721673783,0.011290940340491525,0.3005162721673783,0.011290940340491525,5405.033037327273,4103.252725557383,0.2822978275783631,0.3130187885038721,2,"weak, moderate",moderate,moderate,True,0.0,False
xgb,log_cec_meq_100g,5,log1p,False,0.2881944606992202,0.01372574906296971,0.1924241479421115,0.02202319792684562,2.8585793028436575,2.0233783259573475,0.27142605684929677,0.3031563516582977,2,"moderate, weak",weak,weak,False,0.09577031275710873,False
xgb,clr_hr_24_mg_l_po4,5,CLR,False,0.28804564694209134,0.014629866897484951,0.28804564694209134,0.014629866897484951,1.1771124483202242,0.859229071987299,0.27096386319484067,0.3105076445275454,2,"moderate, weak",weak,weak,False,0.0,False
xgb,ph_mq,5,native units,False,0.2852324387285448,0.00798189575009164,0.2852324387285448,0.00798189575009164,1.020218125495127,0.7704051269843566,0.2774308580611431,0.2978953858312625,1,weak,weak,weak,True,0.0,False
xgb,digest_mg_kg_co2286,5,native units,False,0.2573715769588897,0.011471978378344955,0.2573715769588897,0.011471978378344955,4.81634557324084,3.2200080734386782,0.24626109177030897,0.2764973870995835,1,weak,weak,weak,True,0.0,False
xgb,clr_total_mg_l_ca2,5,CLR,False,0.2563284088641265,0.01801476752196711,0.2563284088641265,0.01801476752196711,1.0431257334326893,0.8450582254285466,0.23296481242619382,0.2829727088030486,1,weak,weak,weak,False,0.0,False
xgb,digest_mg_kg_fe2599,5,native units,False,0.2508480411662101,0.008159737814791396,0.2508480411662101,0.008159737814791396,6394.5029451669125,4981.732219937866,0.24077957604894107,0.2613364615250702,1,weak,weak,weak,True,0.0,False
xgb,ph_kcl,5,native units,False,0.24353294325548225,0.010050014370320336,0.24353294325548225,0.010050014370320336,1.0482700522368014,0.8623205059073822,0.22709226172498354,0.2533351218336889,1,weak,weak,weak,True,0.0,False
xgb,hr_24_mg_l_cl,5,natural log,False,0.2272888508673772,0.025670546409008652,0.0976525431214162,0.04850974957482866,68.95206628318196,38.24977708219211,0.20564953161070143,0.2628745286256411,1,weak,weak,weak,False,0.12963630774596102,False
xgb,clr_hr_1_mg_l_no3,5,CLR,False,0.2182343806546892,0.007320488147704455,0.2182343806546892,0.007320488147704455,1.5030929967794286,1.1231000829397733,0.2074208035603229,0.22767262374339092,1,weak,weak,weak,False,0.0,False
xgb,clr_total_mg_l_no3,5,CLR,False,0.21269220313900786,0.02694524173653716,0.21269220313900786,0.02694524173653716,1.4328754741953078,1.070249359623547,0.19542695421337786,0.2603490410902921,1,weak,weak,weak,False,0.0,False
xgb,total_mg_l_mg2,5,natural log,False,0.20896121079333146,0.01628169088766006,-0.045039189902527,0.01686116803117641,497.56803910013275,161.37685949692408,0.18781298984937755,0.23027288377945287,1,weak,weak,unusable,False,0.25400040069585844,True
xgb,hr_1_mg_l_so4,5,natural log,False,0.19850428357480351,0.026184694350987664,-0.07758520105917754,0.031008596535593517,3040.7564917834766,1162.56788233087,0.1798171167889755,0.24106226630999772,1,weak,weak,unusable,False,0.2760894846339811,True
xgb,total_mg_l_so4,5,natural log,False,0.19324404156458805,0.04180782300840802,-0.1267423653188718,0.013865151363953769,4451.902470318006,1796.3259716847897,0.16264217980125228,0.2550230831834044,1,weak,weak,unusable,False,0.31998640688345986,True
xgb,clr_total_mg_l_sr2,5,CLR,False,0.18966521591246763,0.013630275312773268,0.18966521591246763,0.013630275312773268,1.2806421126756262,0.8851798319896534,0.17548440935021947,0.21197501105881467,1,weak,weak,weak,False,0.0,False
xgb,log_digest_mg_kg_pb2203,5,log1p,False,0.18353493463234985,0.010181753554387744,-0.04582915101635483,0.004856101847471492,14.767329080295122,5.444256016542507,0.16839859100385812,0.19434523408706728,1,weak,weak,unusable,False,0.2293640856487047,True
xgb,total_mg_l_ca2,5,natural log,False,0.17436376553711536,0.018944994048791353,-0.17821864784197014,0.12059045138597643,1778.416913049361,765.9746883421162,0.15651347233041257,0.20518269535796085,1,weak,weak,unusable,False,0.35258241337908547,True
xgb,hr_1_mg_l_cl,5,natural log,False,0.16683198408356295,0.0125841046011388,-0.07229889936398784,0.013532505907680072,695.0790844881047,271.72811817059124,0.1470912903523257,0.1806143566008278,1,weak,weak,unusable,False,0.2391308834475508,True
xgb,clr_total_mg_l_na,5,CLR,False,0.15250731472718487,0.019441657595600532,0.15250731472718487,0.019441657595600532,0.799680894269035,0.6171241196441053,0.12044348530747528,0.17038761543373104,1,weak,weak,weak,False,0.0,False
xgb,total_mg_l_cl,5,natural log,False,0.1363195687212781,0.022076540313485743,-0.06427307808386953,0.03834539090724047,747.530497000688,303.57200822833147,0.1186265093718718,0.16453126658875505,1,weak,weak,unusable,False,0.20059264680514763,True
xgb,clr_hr_24_mg_l_so4,5,CLR,False,0.13102181933624799,0.019249569028316888,0.13102181933624799,0.019249569028316888,1.2088453569348008,0.8715168449663663,0.11676367802603982,0.16406314322928106,1,weak,weak,weak,False,0.0,False
xgb,digest_mg_kg_mn2576,5,native units,False,0.13014946409439743,0.00831384713646039,0.13014946409439743,0.00831384713646039,220.0815335868911,128.65655517613817,0.12170876388732177,0.1434657920041551,1,weak,weak,weak,True,0.0,False
xgb,digest_mg_kg_ba4554,5,native units,False,0.1301111044023999,0.021546927428749852,0.1301111044023999,0.021546927428749852,28.297911892484308,21.732664014292045,0.09738474311215706,0.15738343771702235,1,weak,weak,weak,True,0.0,False
xgb,clr_hr_24_mg_l_cl,5,CLR,False,0.1216475128908506,0.0066350940766125785,0.1216475128908506,0.0066350940766125785,1.072795560937847,0.8334414057672218,0.11021488450889882,0.1256498350397277,1,weak,weak,weak,False,0.0,False
xgb,digest_mg_kg_v_2924,5,native units,False,0.12141216828373969,0.013560163466038121,0.12141216828373969,0.013560163466038121,18.945171705876646,12.652341409025137,0.1082518512955567,0.14102026524358735,1,weak,weak,weak,True,0.0,False
xgb,clr_total_mg_l_cl,5,CLR,False,0.11462490247805787,0.008144778866675034,0.11462490247805787,0.008144778866675034,1.3679888220680205,1.1005947938113199,0.1064499908268769,0.12347942540679258,1,weak,weak,weak,False,0.0,False
xgb,digest_mg_kg_si2516,5,native units,False,0.11272441077289805,0.015692911026281325,0.11272441077289805,0.015692911026281325,198.00528550505663,123.55714904713768,0.0964263962289631,0.13395971731435374,1,weak,weak,weak,True,0.0,False
xgb,ph_cacl2,5,native units,False,0.1096361640670728,0.010512511267022944,0.1096361640670728,0.010512511267022944,0.9913587431276824,0.8136239723384031,0.09601919752730326,0.12522438910040135,1,weak,weak,weak,True,0.0,False
xgb,digest_mg_kg_be3130,5,native units,False,0.10239490670717144,0.017037614800208697,0.10239490670717144,0.017037614800208697,0.8092186949168287,0.49857552401416483,0.08154937596017331,0.12731742524629774,1,weak,weak,weak,True,0.0,False
xgb,digest_mg_kg_cu3247,5,native units,False,0.09941073537937402,0.02037828341067302,0.09941073537937402,0.02037828341067302,12.570475301064537,10.136860155986763,0.07298030840943448,0.12360688627536243,1,weak,weak,weak,True,0.0,False
xgb,clr_hr_1_mg_l_so4,5,CLR,False,0.09255482310743093,0.0068173888822415235,0.09255482310743093,0.0068173888822415235,1.2341467020515686,0.9250703793661172,0.08073363648849019,0.09740889054042057,1,weak,weak,weak,False,0.0,False
xgb,log_digest_mg_kg_li6707,5,log1p,False,0.08115774024113856,0.008646468447568808,0.1901494074776816,0.0984415994887023,9.854201625522988,7.183057206710481,0.06811990963919567,0.092472226286057,1,weak,weak,weak,False,-0.10899166723654305,False
xgb,clr_total_mg_l_so4,5,CLR,False,0.062308777465141275,0.006796035641726966,0.062308777465141275,0.006796035641726966,0.9915001272008984,0.7211583197525286,0.053330951719813946,0.07247358493261902,1,weak,weak,weak,False,0.0,False
xgb,digest_mg_kg_zn2138,5,native units,False,0.05630018488256834,0.017014693753000944,0.05630018488256834,0.017014693753000944,32.1656570589113,19.12391654049165,0.04569115089576237,0.08653835132378451,1,weak,weak,weak,True,0.0,False
xgb,clr_hr_1_mg_l_cl,5,CLR,False,0.055786656456599235,0.004134802793764054,0.055786656456599235,0.004134802793764054,1.3219308604238758,1.1085053382596062,0.050532275720210684,0.06041467532452627,1,weak,weak,weak,False,0.0,False
xgb,clr_hr_24_mg_l_f,5,CLR,False,0.05335813761124595,0.005651902990170284,0.05335813761124595,0.005651902990170284,1.1510667729767265,0.8545472249379372,0.04696834483949697,0.061867623209564626,1,weak,weak,weak,False,0.0,False
xgb,log_digest_mg_kg_sb2068,5,log1p,False,0.029148733078450582,0.007713305920400299,0.021686720840302674,0.00729723060664438,0.6442017390817467,0.31370866830237154,0.02340566223547713,0.04257340775790064,1,weak,weak,weak,False,0.007462012238147908,False
xgb,clr_hr_24_mg_l_no3,5,CLR,False,0.014829208869599996,0.007425993194535725,0.014829208869599996,0.007425993194535725,1.0890508785215234,0.7235887620004182,0.006372025120507052,0.026387151964983202,1,weak,weak,weak,False,0.0,False
xgb,clr_total_mg_l_f,5,CLR,False,0.005388428184350302,0.006899851051296705,0.005388428184350302,0.006899851051296705,1.384558317145078,1.0957185766340565,-0.0009396600597793014,0.012917882303344452,2,"weak, unusable",weak,weak,False,0.0,False
xgb,hr_24_mg_l_so4,5,native units / natural log,True,0.0034195483750196097,0.004234769844754075,-0.014393398419441405,0.041021035998416604,1911.5831145571744,821.3421764559831,-0.0023940689505388413,0.009179726303610969,2,"weak, unusable",weak,unusable,False,0.017812946794461014,True
xgb,clr_hr_1_mg_l_f,5,CLR,False,-0.0031855248122487413,0.005641234036834405,-0.0031855248122487413,0.005641234036834405,1.406298104994597,0.9968327869725462,-0.008623301281420748,0.0057397912657243255,2,"unusable, weak",unusable,unusable,False,0.0,False
xgb,digest_mg_kg_b_2496,5,native units,False,-0.006038528736459381,0.004977269979694608,-0.006038528736459381,0.004977269979694608,20.31979074288271,11.101712490840265,-0.009528021615996751,0.0025456439408305664,2,"unusable, weak",unusable,unusable,True,0.0,False
xgb,log_digest_mg_kg_tl1908,5,log1p,False,-0.011208721750614404,2.9898120170255732e-05,-0.010163798895531252,1.4518561943118264e-05,0.3456051304847508,0.0721659892249754,-0.011234462097958975,-0.011171596234496928,1,unusable,unusable,unusable,False,-0.001044922855083152,False
xgb,log_digest_mg_kg_sn1899,5,log1p,False,-0.01766286131716841,0.0009597944568590356,-0.012282112976375891,0.0004876077373479195,0.2520983991940146,0.050158025952381655,-0.01856567798310671,-0.016548609045851093,1,unusable,unusable,unusable,False,-0.00538074834079252,False
xgb,digest_mg_kg_as1890,5,native units,False,-0.02758901733145409,0.0063256840689821835,-0.02758901733145409,0.0063256840689821835,2.5302739730091792,1.5868834223384747,-0.03199877089779557,-0.016711189032024842,1,unusable,unusable,unusable,True,0.0,False
xgb,log_digest_mg_kg_hg1849,5,log1p,False,-0.029746613020762515,0.009338116905172571,-0.05268888818130639,0.004102644270568552,70.13604980961766,22.686357718427832,-0.037330643844972755,-0.014923850837940567,1,unusable,unusable,unusable,False,0.022942275160543875,False
xgb,ec_us_cm,5,native units,False,-0.033785289794840655,0.003804104604498862,-0.033785289794840655,0.003804104604498862,4988.925145404528,3619.5244457865037,-0.036708579445735134,-0.028709086901889336,1,unusable,unusable,unusable,True,0.0,False
xgb,clr_total_mg_l_mg2,5,CLR,False,-0.054030187543960204,0.013317139651030228,-0.054030187543960204,0.013317139651030228,0.8398577113668122,0.6493432282911866,-0.07159772489801264,-0.03906526563372181,1,unusable,unusable,unusable,False,0.0,False
