property,scored_in,rf_r2,rf_r2_sd,rf_n_seeds,xgb_r2,xgb_r2_sd,xgb_n_seeds,winner_reported_basis,rf_r2_native,xgb_r2_native,winner_native_basis,rf_tier,xgb_tier,delta_xgb_minus_rf,rf_sd_lower,win_inside_noise,rf_mappable,xgb_mappable,caution
d15n_air_permil,native units,0.664640637794581,0.015417006855757765,5,0.6597016931401237,0.007456135153292667,5,tie,0.664640637794581,0.6597016931401237,tie,strong,strong,-0.004938944654457322,False,True,True,True,Model gap smaller than cross-seed SD; report as a tie. 
wt_percent_n,native units,0.3894563781401568,0.012040275799595747,5,0.491057998830021,0.011776325036076769,5,xgb,0.3894563781401568,0.491057998830021,xgb,moderate,moderate,0.10160162068986417,False,False,True,True,
total_mg_l_na,natural log,0.29021261277155214,0.03021326143529978,5,0.4676471965487646,0.00957889019425843,5,xgb,-0.05645785059881159,-0.004621516841146489,xgb,weak,moderate,0.17743458377721244,False,False,False,True,R2 is in a transformed space; see native column. Native-units R2 is not positive; do not present as predictive. 
digest_mg_kg_k_7664,native units,0.37389041766333575,0.010251835322975777,5,0.45913865794892245,0.023134431520094388,5,xgb,0.37389041766333575,0.45913865794892245,xgb,moderate,moderate,0.0852482402855867,True,False,True,True,
log_digest_mg_kg_sr4077,log1p,0.37366609198244327,0.02060443092370544,5,0.42552886887532315,0.01868259898937963,5,xgb,0.279383910024376,0.38156810163386984,xgb,moderate,moderate,0.05186277689287988,False,False,True,True,R2 is in a transformed space; see native column. 
digest_mg_kg_na5895,native units / natural log,0.39383930932702427,0.022059260385954994,5,0.42274309479361394,0.025321592838263983,5,xgb,0.40451231452977254,0.4536168364838325,xgb,moderate,moderate,0.02890378546658967,True,False,True,True,R2 is in a transformed space; see native column. 
digest_mg_kg_mg2852,native units,0.4364366168857264,0.012694296030159688,5,0.4213704588381245,0.01378888599901798,5,tie,0.4364366168857264,0.4213704588381245,tie,moderate,moderate,-0.015066158047601863,True,False,True,True,
digest_mg_kg_ni2316,native units,0.4414819177118236,0.025797356204841818,5,0.4140837886389884,0.030416768801878807,5,rf,0.4414819177118236,0.4140837886389884,rf,moderate,moderate,-0.027398129072835176,True,True,True,True,Model gap smaller than cross-seed SD; report as a tie. 
digest_mg_kg_cr2835,native units,0.3301326552043708,0.004600411255680451,5,0.4062221954065496,0.017638162397553066,5,xgb,0.3301326552043708,0.4062221954065496,xgb,moderate,moderate,0.07608954020217878,True,False,True,True,
clr_total_mg_l_po4,CLR,0.36732867182865475,0.021344611414939024,5,0.40491681266844404,0.0188567017462668,5,xgb,0.36732867182865475,0.40491681266844404,xgb,moderate,moderate,0.037588140839789286,False,False,True,True,R2 is in a transformed space; see native column. 
log_digest_mg_kg_p_1774,log1p,0.3814804713539106,0.012713252318077265,5,0.3933693477001113,0.007550879202197767,5,tie,0.3106858317880451,0.4487838580858566,xgb,moderate,moderate,0.011888876346200672,False,True,True,True,R2 is in a transformed space; see native column. Model gap smaller than cross-seed SD; report as a tie. 
clr_total_mg_l_k,CLR,0.230629045476217,0.02129017159166719,5,0.3829874347833508,0.0063985108367637725,5,xgb,0.230629045476217,0.3829874347833508,xgb,weak,moderate,0.1523583893071338,False,False,False,True,R2 is in a transformed space; see native column. 
c_n_ratio,native units,0.3051344676402973,0.01802676739190462,5,0.38276220356638174,0.007378605390930335,5,xgb,0.3051344676402973,0.38276220356638174,xgb,moderate,moderate,0.07762773592608446,False,False,True,True,
digest_mg_kg_ti3349,native units,0.40366073331780983,0.0070358548265710506,5,0.34653968360764337,0.02525268090871039,5,rf,0.40366073331780983,0.34653968360764337,rf,moderate,moderate,-0.05712104971016646,True,False,True,True,
digest_mg_kg_ca3158,natural log,0.25586124067183724,0.012231000883950927,5,0.3381943913584704,0.021980338666600298,5,xgb,0.11126135195260803,0.21260911888582318,xgb,weak,moderate,0.08233315068663316,True,False,False,True,R2 is in a transformed space; see native column. 
log_digest_mg_kg_mo2020,log1p,0.22570116296212409,0.021787625783666272,5,0.33558481205672874,0.009219252782071462,5,xgb,0.3464286376825759,0.398323628881572,xgb,weak,moderate,0.10988364909460466,False,False,False,True,R2 is in a transformed space; see native column. 
d13c_vpdb_permil,native units,0.3560934969876276,0.006345428520021365,5,0.3353472047856996,0.019928135330962788,5,rf,0.3560934969876276,0.3353472047856996,rf,moderate,moderate,-0.020746292201927974,True,False,True,True,
wt_percent_c,native units,0.2747620905390225,0.005689696713101477,5,0.3321551197303111,0.0059625787016862695,5,xgb,0.2747620905390225,0.3321551197303111,xgb,weak,moderate,0.05739302919128858,True,False,False,True,
clr_hr_1_mg_l_po4,CLR,0.2783015152303022,0.012008075306442765,5,0.32380340998684193,0.020538743789647238,5,xgb,0.2783015152303022,0.32380340998684193,xgb,weak,moderate,0.04550189475653971,True,False,False,True,R2 is in a transformed space; see native column. 
digest_mg_kg_al3082,native units,0.16383072166817803,0.00828006369068213,5,0.3005162721673783,0.011290940340491525,5,xgb,0.16383072166817803,0.3005162721673783,xgb,weak,moderate,0.13668555049920028,True,False,False,True,
