model,seed,target,n_samples,n_locations,r2_trend_only,r2_rk_original_bug,r2_rk_sample_loo,r2_rk_location_lolo,rmse_trend_only,rmse_rk_location_lolo,variogram_model,nugget,partial_sill,total_sill,nugget_sill_ratio,range_km,dataset_extent_km,range_over_extent,semivariance_slope,verdict,range_exceeds_extent,fit_rss,delta_original_bug,delta_sample_loo,delta_location_lolo,kriging_helps_lolo,conclusion
rf,42,d13c_vpdb_permil,171,28,0.35304941015738234,-0.8159783537588365,0.6726788499665122,0.3562883988636958,8.636293707978197,8.614647574562122,spherical,5.066860192462325,50.814765975271214,55.88162616773354,0.09067130897826246,5.173849088294316,3403.5588107843055,0.0015201291871028576,-1.0436809527782133e-05,flat / pure nugget,False,4750.937707354684,-1.169027763916219,0.31962943980912983,0.0032389887063134504,False,no meaningful improvement
rf,42,d15n_air_permil,171,28,0.6816008925479542,0.09107774505600175,0.5888088343880209,0.6756676105110089,6.013926515303827,6.069701829601337,spherical,26.154574142061943,33.159501174827156,59.3140753168891,0.44095055014057827,4139.079270635469,3403.5588107843055,1.216103349682291,8.11944984267625e-06,spatial structure present,True,39.08669699905144,-0.5905231474919524,-0.0927920581599333,-0.00593328203694532,False,no meaningful improvement
rf,42,digest_mg_kg_cr2835,171,28,0.3346912721134363,-0.8682153153306871,0.2669355749527288,0.15273114478821548,10.923054984306583,12.326595099434323,spherical,107.76244665050947,1.4725137182767687e-06,107.76244812302319,0.9999999863355581,1014.6458593338976,3403.5588107843055,0.2981132149440032,1.1615735544726855e-06,flat / pure nugget,False,3299.8846951727164,-1.2029065874441234,-0.0677556971607075,-0.18196012732522082,False,kriging degrades the trend
rf,42,digest_mg_kg_k_7664,171,28,0.37643798555764874,-0.352275119427508,0.6142963235048833,0.35275015785001584,2298.5931409613595,2341.8455950328125,spherical,1129259.251119063,2051712.1765790337,3180971.4276980967,0.35500452512277014,2.9743412630143755,3403.5588107843055,0.0008738915436366378,0.025857171062736606,spatial structure present,False,36584699115268.41,-0.7287131049851567,0.23785833794723454,-0.02368782770763289,False,kriging degrades the trend
rf,42,digest_mg_kg_mg2852,171,28,0.42021105541683357,-0.6821998409368506,0.7550862887241038,0.44998418473721313,5199.4044422925635,5064.146077960309,spherical,3560016.92828089,21448893.073913,25008910.00219389,0.14234994359884495,130.12849240649342,3403.5588107843055,0.03823306710440153,-0.738882066900149,flat / pure nugget,False,672085259802565.0,-1.102410896353684,0.3348752333072702,0.029773129320379565,True,kriging improves the trend
rf,42,digest_mg_kg_na5895,171,28,0.3873578593267316,-0.3451409581943079,0.6057499811921938,0.33388649719133645,2459.869352375003,2564.972581575907,spherical,1866529.340178105,11566625.130847268,13433154.471025374,0.13894944364736617,4139.079078055718,3403.5588107843055,1.2161032931004125,2.6336367847008297,spatial structure present,True,31888248416295.293,-0.7324988175210395,0.2183921218654622,-0.05347136213539516,False,kriging degrades the trend
rf,42,digest_mg_kg_ni2316,171,28,0.4512366203745919,-0.320174566949081,0.5765036493481954,0.3932625805238278,19.553231325446035,20.56015418789246,spherical,286.9773916952401,90.63659811497979,377.6139898102199,0.7599755290832004,231.19003103738777,3403.5588107843055,0.06792596922516907,3.59641459830586e-05,spatial structure present,False,209468.25456809258,-0.7714111873236729,0.12526702897360353,-0.0579740398507641,False,kriging degrades the trend
rf,42,log_cec_meq_100g,171,28,0.10168074576405683,-1.542252633341887,0.48970677800161944,0.006673135199539826,3.0151347480876,3.170570848712484,spherical,2.635643554746315,4.526679660157116,7.162323214903431,0.3679872404057447,3.166306460117339,3403.5588107843055,0.0009302928599572826,-1.1337640286860383e-06,flat / pure nugget,False,19.403423738816556,-1.6439333791059436,0.3880260322375626,-0.09500761056451701,False,kriging degrades the trend
rf,42,wt_percent_n,171,28,0.3920339510492269,-2.918582410269123,-0.5274518270145727,0.25126888430767413,0.07268255089670737,0.08065911235586308,spherical,0.00355216623286294,0.0043242670674632664,0.007876433300326207,0.45098664553102036,1776.6779399138636,3403.5588107843055,0.5220059469177943,6.944193343683275e-10,spatial structure present,False,1.3309552024170035e-05,-3.31061636131835,-0.9194857780637996,-0.14076506674155276,False,kriging degrades the trend
xgb,42,d13c_vpdb_permil,171,28,0.3305339063912961,0.011794625294460404,0.2087476436117255,0.31401988114461155,8.78529077218811,8.892986061645626,spherical,58.99358554511658,1.5880029694400158e-09,58.99358554670459,0.9999999999730818,997.7025666815186,3403.5588107843055,0.2931351042092354,-1.1637739753522094e-05,flat / pure nugget,False,2756.480885143823,-0.3187392810968357,-0.12178626277957061,-0.01651402524668455,False,no meaningful improvement
xgb,42,d15n_air_permil,171,28,0.6663007614168784,0.11086349998122857,0.7231214962879365,0.6253755813553852,6.156725688747263,6.5233433423900244,spherical,15.267221173377248,29.250542633809843,44.517763807187094,0.3429467221107916,559.209414462404,3403.5588107843055,0.16430138145124087,8.902891332304487e-06,spatial structure present,False,2371.9010714485435,-0.5554372614356499,0.0568207348710581,-0.04092518006149326,False,kriging degrades the trend
xgb,42,digest_mg_kg_cr2835,171,28,0.39419889332430624,-0.56731746786524,0.6506706895263072,0.39808585121093776,10.423115267603977,10.389622916672804,spherical,56.88995297848916,36.68791293716602,93.57786591565518,0.6079424062712219,6.453571413346264,3403.5588107843055,0.0018961245484866835,9.014198224955043e-07,spatial structure present,False,3026.9273933633763,-0.9615163611895462,0.256471796202001,0.0038869578866315146,False,no meaningful improvement
xgb,42,digest_mg_kg_k_7664,171,28,0.47826648032325847,-0.4754956452867123,0.41650842805097543,0.23841582472366518,2102.5515402571723,2540.277937980952,spherical,1915550.1912576936,3895946.7030191454,5811496.894276839,0.32961390603927315,230.0600989300644,3403.5588107843055,0.06759398374463525,-0.36318150888361306,flat / pure nugget,False,32126106200571.914,-0.9537621256099708,-0.06175805227228304,-0.2398506555995933,False,kriging degrades the trend
xgb,42,digest_mg_kg_mg2852,171,28,0.42786685355844245,-0.2971046669248061,0.6092358245059206,0.37184583460040377,5164.962712400824,5411.924856963695,spherical,7880927.546400264,16387254.616710907,24268182.163111173,0.3247432170003924,17.54341315204579,3403.5588107843055,0.00515443220680037,0.5630640781522185,spatial structure present,False,410213236248317.5,-0.7249715204832485,0.18136897094747817,-0.05602101895803868,False,kriging degrades the trend
xgb,42,digest_mg_kg_ni2316,171,28,0.4570811759634039,-1.0147131989118225,0.32053778047860426,0.47905860159009206,19.44882761975638,19.051115629710353,spherical,357.55967536467386,1.1646825848684607e-08,357.5596753763207,0.999999999967427,1548.7456653424963,3403.5588107843055,0.4550371394891831,8.2213702264608e-05,flat / pure nugget,False,214434.46395540336,-1.4717943748752265,-0.13654339548479966,0.02197742562668814,True,kriging improves the trend
xgb,42,log_cec_meq_100g,171,28,0.18134159874215328,-1.2642491958065487,0.44665956601880763,0.07679813726737339,2.8783442421072403,3.056607734164567,spherical,3.0862057698590237,3.9863868726546947,7.072592642513719,0.4363613070697274,3.1590486798391213,3403.5588107843055,0.0009281604507110485,-8.932696397742151e-07,flat / pure nugget,False,13.575003403936282,-1.445590794548702,0.26531796727665435,-0.10454346147477989,False,kriging degrades the trend
xgb,42,log_digest_mg_kg_na5895,171,28,0.48120516307457206,-0.10593471951922839,0.4767172920469698,0.3935946611682172,2263.6351601497345,2447.316377292808,spherical,3346201.4223348475,902139.4550488411,4248340.877383688,0.7876489949637899,51.63416640115634,3403.5588107843055,0.015170640283209304,-0.35105291554794177,flat / pure nugget,False,2664547609815.9463,-0.5871398825938005,-0.004487871027602286,-0.08761050190635489,False,kriging degrades the trend
xgb,42,wt_percent_n,171,28,0.481525952220207,-0.9466965709268298,-0.08283776436178725,0.4321664015773232,0.06712031851354763,0.07024267471523618,spherical,0.0033088802737979684,0.003856601562987701,0.00716548183678567,0.46178056816933943,4139.079270635048,3403.5588107843055,1.2161033496821674,9.816157065836455e-10,spatial structure present,True,1.8660622656770773e-06,-1.4282225231470367,-0.5643637165819942,-0.049359550642883776,False,kriging degrades the trend
