variogram_model,nugget,partial_sill,total_sill,nugget_sill_ratio,range_km,dataset_extent_km,range_over_extent,semivariance_slope,verdict,range_exceeds_extent,fit_rss,model,seed,target
spherical,5.066860192462325,50.814765975271214,55.88162616773354,0.09067130897826246,5.173849088294316,3403.5588107843055,0.0015201291871028576,-1.0436809527782133e-05,flat / pure nugget,False,4750.937707354684,rf,42,d13c_vpdb_permil
spherical,26.154574142061943,33.159501174827156,59.3140753168891,0.44095055014057827,4139.079270635469,3403.5588107843055,1.216103349682291,8.11944984267625e-06,spatial structure present,True,39.08669699905144,rf,42,d15n_air_permil
spherical,107.76244665050947,1.4725137182767687e-06,107.76244812302319,0.9999999863355581,1014.6458593338976,3403.5588107843055,0.2981132149440032,1.1615735544726855e-06,flat / pure nugget,False,3299.8846951727164,rf,42,digest_mg_kg_cr2835
spherical,1129259.251119063,2051712.1765790337,3180971.4276980967,0.35500452512277014,2.9743412630143755,3403.5588107843055,0.0008738915436366378,0.025857171062736606,spatial structure present,False,36584699115268.41,rf,42,digest_mg_kg_k_7664
spherical,3560016.92828089,21448893.073913,25008910.00219389,0.14234994359884495,130.12849240649342,3403.5588107843055,0.03823306710440153,-0.738882066900149,flat / pure nugget,False,672085259802565.0,rf,42,digest_mg_kg_mg2852
spherical,1866529.340178105,11566625.130847268,13433154.471025374,0.13894944364736617,4139.079078055718,3403.5588107843055,1.2161032931004125,2.6336367847008297,spatial structure present,True,31888248416295.293,rf,42,digest_mg_kg_na5895
spherical,286.9773916952401,90.63659811497979,377.6139898102199,0.7599755290832004,231.19003103738777,3403.5588107843055,0.06792596922516907,3.59641459830586e-05,spatial structure present,False,209468.25456809258,rf,42,digest_mg_kg_ni2316
spherical,2.635643554746315,4.526679660157116,7.162323214903431,0.3679872404057447,3.166306460117339,3403.5588107843055,0.0009302928599572826,-1.1337640286860383e-06,flat / pure nugget,False,19.403423738816556,rf,42,log_cec_meq_100g
spherical,0.00355216623286294,0.0043242670674632664,0.007876433300326207,0.45098664553102036,1776.6779399138636,3403.5588107843055,0.5220059469177943,6.944193343683275e-10,spatial structure present,False,1.3309552024170035e-05,rf,42,wt_percent_n
spherical,58.99358554511658,1.5880029694400158e-09,58.99358554670459,0.9999999999730818,997.7025666815186,3403.5588107843055,0.2931351042092354,-1.1637739753522094e-05,flat / pure nugget,False,2756.480885143823,xgb,42,d13c_vpdb_permil
spherical,15.267221173377248,29.250542633809843,44.517763807187094,0.3429467221107916,559.209414462404,3403.5588107843055,0.16430138145124087,8.902891332304487e-06,spatial structure present,False,2371.9010714485435,xgb,42,d15n_air_permil
spherical,56.88995297848916,36.68791293716602,93.57786591565518,0.6079424062712219,6.453571413346264,3403.5588107843055,0.0018961245484866835,9.014198224955043e-07,spatial structure present,False,3026.9273933633763,xgb,42,digest_mg_kg_cr2835
spherical,1915550.1912576936,3895946.7030191454,5811496.894276839,0.32961390603927315,230.0600989300644,3403.5588107843055,0.06759398374463525,-0.36318150888361306,flat / pure nugget,False,32126106200571.914,xgb,42,digest_mg_kg_k_7664
spherical,7880927.546400264,16387254.616710907,24268182.163111173,0.3247432170003924,17.54341315204579,3403.5588107843055,0.00515443220680037,0.5630640781522185,spatial structure present,False,410213236248317.5,xgb,42,digest_mg_kg_mg2852
spherical,357.55967536467386,1.1646825848684607e-08,357.5596753763207,0.999999999967427,1548.7456653424963,3403.5588107843055,0.4550371394891831,8.2213702264608e-05,flat / pure nugget,False,214434.46395540336,xgb,42,digest_mg_kg_ni2316
spherical,3.0862057698590237,3.9863868726546947,7.072592642513719,0.4363613070697274,3.1590486798391213,3403.5588107843055,0.0009281604507110485,-8.932696397742151e-07,flat / pure nugget,False,13.575003403936282,xgb,42,log_cec_meq_100g
spherical,3346201.4223348475,902139.4550488411,4248340.877383688,0.7876489949637899,51.63416640115634,3403.5588107843055,0.015170640283209304,-0.35105291554794177,flat / pure nugget,False,2664547609815.9463,xgb,42,log_digest_mg_kg_na5895
spherical,0.0033088802737979684,0.003856601562987701,0.00716548183678567,0.46178056816933943,4139.079270635048,3403.5588107843055,1.2161033496821674,9.816157065836455e-10,spatial structure present,True,1.8660622656770773e-06,xgb,42,wt_percent_n
